"hash","number","mined_at","tips","base_fee_sum","contract_creation_sum","eth_transfer_sum","gas_used","base_fee_per_gas","eth_price"
"0x6a1659598124b56ca3ed5c2dce6a2d11ec562be9f888bbc316e424ce706cb8a1",13666568,"2021-11-22 20:17:48+00",7.697232233923181E+17,5.123886705850538E+18,0,2.4152610617597734E+17,28066954,182559415099,4069.83314813
"0xc6d9c60352803e56e5009eb10db87d6d70e742b666df5571c102f230ae578c26",13666569,"2021-11-22 20:17:54+00",4.006023802859119E+16,1.7293537614955046E+17,0,6.8033456177904E+16,854084,202480524339,4069.83314813
"0xaf76958392f6ef71e78e2d7fceee89ba090fef95b4221ed758568ffcfefc33a3",13666570,"2021-11-22 20:17:56+00",1.7540782822267747E+17,9.56745785591242E+17,0,6.7516248420558E+16,5356487,178614413811,4069.83314813
"0x408d1133f3025c366b95fe08f4ebfb4149a1dada5730bc242c02501027a48bf1",13666571,"2021-11-22 20:18:03+00",3.8012593237195034E+17,4.551293856040812E+18,0,3.898087702291237E+17,27706458,164268339751,4070.1059467
"0x882572196eaf5beb3c0ba339737580fb245fa7690c9c3267ee68b7514468d8fa",13666572,"2021-11-22 20:18:26+00",1.6025372456317166E+18,1.5511905473163333E+18,0,2.1372233760864E+17,8535374,181736681640,4070.1059467
"0x8ed1535cf56886de1d930a02a2645ee57bf62d9bc628ec9ae034202097374f9b",13666573,"2021-11-22 20:18:35+00",7.274459310038621E+17,1.0050074775522472E+18,0,9.751500011673E+16,5843606,171984127190,4070.1059467
"0x209a42998b3acd7c0d3e156fd85cf2fbc270444e0970fe9c80bd826deb87c240",13666574,"2021-11-22 20:18:40+00",5.3364563259259296E+17,2.5373550589111864E+18,0,2.6691430434144E+17,15970506,158877562108,4070.1059467
"0xbae4e6bc7709ccfc28caee8b50fc614efabe6aab5efdcc8246fb7d2ddd1cd11a",13666575,"2021-11-22 20:18:50+00",3.876697771145644E+17,4.796442770340424E+18,0,4.104953156719372E+17,29935753,160224557249,4070.1059467
"0x1d04fb41796c740b87f3715a71aa9b88d217d22154b83f94037fec9cf1c80a8f",13666576,"2021-11-22 20:19:22+00",6.473134947704305E+17,4.948766153697181E+18,0,4.995955585550145E+17,27458170,180229277978,4074.292578377932
"0x757e004e715ed4cbfcf67e060f444de083a0da12dedfabee35ac873a381b314f",13666577,"2021-11-22 20:20:04+00",24898599903412916,1.4677004956752504E+18,0,6.6884625479616E+16,7373105,199061385356,4074.292578377932
"0xb21e0be1c0d1a3083d59f2511735acb8e5b5a812d3ba56cfb712a9b2d1c9640a",13666578,"2021-11-22 20:20:10+00",3.965297076485229E+16,2.6434317503911286E+18,0,2.1535834410667472E+17,14177132,186457440785,4074.292578377932
"0xe967107c5ae5135d6a22fb57ce9a50f59ea203fc6320577d3f7d6f72b188110e",13666579,"2021-11-22 20:20:11+00",5.664612206349976E+16,9.11353204420411E+17,0,1.24483659125952E+17,4919757,185243540366,4074.292578377932
"0x4fc9f4c1bc668f6dfad13c372ddcc51ed5b4ab5a3bcff2a7e2d7013b5fc7b947",13666580,"2021-11-22 20:20:27+00",1.2217035171515086E+17,1.7627663944015148E+18,0,9.622273499489706E+16,10387239,169704999991,4074.292578377932
"0xb030a218fb653641e3b3aef8804eab21cdeba6abd4e7d1fbbc4569b06f1a4698",13666581,"2021-11-22 20:20:29+00",9.621792961987506E+16,1.1357714538221859E+18,0,8.56854285567E+16,6958943,163210340108,4074.292578377932
"0x86d2a097ff61486afebcb8f250c513227ea93eb804681594403f0a5edcca4d18",13666582,"2021-11-22 20:20:34+00",3.145820176876389E+17,2.1844770135721948E+18,0,1.566992883969872E+17,14344844,152283079103,4074.292578377932
"0x43609e5f8fdbecd7f87b8ac306262dbd20c946fe490450e263806995e1c918a3",13666583,"2021-11-22 20:20:41+00",3.0015331279359616E+18,2.8767786515764823E+18,0,2.0355111371481574E+17,18994691,151451721514,4074.292578377932
"0xc0aee1941a620733d67e271c30aba95098a30a821dfbc869d762235b57774ea5",13666584,"2021-11-22 20:20:58+00",5.951324030115068E+17,4.2620990080806605E+18,0,4.2065429079475066E+17,27235006,156493411754,4074.292578377932
"0x47b1d05eec941a2b2a20254826f75bed2b2e1373bdba988d966f121932341617",13666585,"2021-11-22 20:21:28+00",2.187379212468307E+17,3.491297722277552E+18,0,5.32457938017432E+17,20241291,172483944936,4075.07447771
"0x5d3e9158fa4f6224158ba08a54480a18a605411b5276e8dd8a1641f842d4f64d",13666586,"2021-11-22 20:21:47+00",3.6244532599957754E+17,2.8250009002115866E+18,0,2.6470952132394048E+17,15687956,180074504302,4075.07447771
"0x329d2422d30573dbde2f4bfa7f8b83b6b0b6d982ebb52fb123ffc47bda026582",13666587,"2021-11-22 20:22:04+00",24343042094859264,6.721534937128308E+17,0,3.0429823057032E+16,3710892,181129899149,4076.65523413
"0xc050e0049ede88d1f253129d7fab1485a9ba4406790500b7ae4d87af04080c2c",13666588,"2021-11-22 20:22:06+00",1.0922161108822611E+17,1.5947122166285404E+18,0,1.4818311445994682E+17,9717876,164100901949,4076.65523413
"0x33d6eab8d6173e01a975e8ef452989d5c37667b52c63b6af06ed4c555ed634ca",13666589,"2021-11-22 20:22:18+00",3.639081711588883E+17,3.5376025400928404E+18,0,3.953642452704E+17,22548216,156890573520,4076.65523413
"0x3eb79630e6146b83aeeec3c2a501b9cd9d924b637b26ac091de47dda2cf0e352",13666590,"2021-11-22 20:22:39+00",19929694030145368,1.4991132609935277E+17,0,1.0505839522941E+16,898968,166759357507,4076.65523413
"0x62c7a0703ce1d94953b2ca850fdf7432d6bd20b7bff953ed44b39fdf4b61deba",13666591,"2021-11-22 20:22:40+00",1.180599777020319E+17,2.531925712023476E+18,0,1.35980389402704E+17,17204682,147164923596,4076.65523413
"0xe5a55da6ae41a97df2c40da4918afe090d6af956e5a20ad582ed6aeb6d22ada5",13666592,"2021-11-22 20:22:47+00",5.52847751617115E+17,4.358364377982866E+18,0,2.5184882983175955E+17,29073203,149910017757,4076.65523413
"0xab480ca80767b66a743b02aa20e782ca32d57f8ebd9251aa0349a109475a2730",13666593,"2021-11-22 20:23:07+00",5.2243160064848134E+17,5.022991195398893E+18,7.43463322788529E+17,4.749379366340685E+17,29983244,167526609042,4076.65523413
"0x7c96e6804f8080598673949c6726dd41dfc3b1738acc15024c847110beabbb36",13666594,"2021-11-22 20:23:57+00",3.3683431177880883E+17,5.247974888539648E+18,0,6.846179377035999E+17,27848953,188444243794,4076.65523413
"0xdc6b94cde10d90959d65f0f4591fd7c70218d67fea32c72466b6d7437915255f",13666595,"2021-11-22 20:24:47+00",2.4642332175525133E+17,4.1829441106971827E+18,0,5.608909646565129E+17,20046238,208664793399,4076.65523413
"0x197e989bc0ff91f3ace3115af86d99fbf123649b589429abd05bd99eff8770ec",13666596,"2021-11-22 20:25:38+00",6.117163508764391E+16,1.4416763438403779E+18,0,2.5122163345818E+17,6628156,217507907756,4076.65523413
"0x9063969e399c6778d85f8efc162bed5ce3c20711f21c84311fef31e572928d28",13666597,"2021-11-22 20:25:58+00",9.981267561826653E+16,3.032715883750046E+18,0,4.54669667419968E+17,14987832,202345201344,4076.65523413
"0x49f6d4bdb2b25e96b56df79f83a553c85c0ba42227043a4eb98d87ec53747048",13666598,"2021-11-22 20:26:07+00",2.178030551263384E+16,2.285190413183981E+17,0,3.8239397032914E+16,1129466,202324852026,4076.65523413
"0x1ec066c5a174c9ebefe1b07bc5b57624b89c866c02b5c5dccab9890806b53854",13666599,"2021-11-22 20:26:10+00",2.1683202650534698E+17,5.205348972642896E+18,0,3.9831725875216704E+17,29090145,178938570868,4076.65523413
"0x2445f7ad03d3ff1435657ecff91e03ebfe7c9b95760082254655a4f29c9f09be",13666600,"2021-11-22 20:26:18+00",14857860668999432,2.93214359822097E+17,0,1.6792174715652E+16,1466755,199906841853,4076.65523413
"0x08bcbf43223aa99d6aa6252f9f6e2d77ce0eb7166c53781185d5b701288e6f3e",13666601,"2021-11-22 20:26:22+00",2.174743596024979E+17,2.2292581704777485E+18,0,2.0485304308392E+17,12568977,177361942064,4076.65523413
"0xb51a499a72e85b1de8a01feb49120f340c150c7d1ccc557d3ae94cfb9472574d",13666602,"2021-11-22 20:26:32+00",52085403109641664,8.584115631551871E+17,0,1.0216543850629206E+17,4940477,173750745759,4076.65523413
"0xa2d73ec8f49748ff9a3c1f04608fa5f9b53a579cb5d46d0ae04c6ceab03ee550",13666603,"2021-11-22 20:26:35+00",2.5967112821047142E+17,4.0687845639317934E+18,4.6633396809756416E+17,2.90806127366832E+17,25562286,159171388816,4076.65523413
"0x53b6869acfeb43d845a5613bd853226072eba2de8bc926672a76dca5f5d3392f",13666604,"2021-11-22 20:26:51+00",1.1759627558508332E+18,5.192261845294198E+18,0,1.2217357621274432E+18,29987335,173148492365,4076.65523413
"0x69ce9eda8f652f88c0d553ccee61f36d07007d069bbf4122fff903e93c6caec7",13666605,"2021-11-22 20:27:58+00",1.3356072111721638E+17,5.714417471221771E+18,0,7.280643878831401E+17,29338741,194773779530,4076.65523413
"0xcc1d89d3392e64f5c7e95ae76cfc2ee5b4891a2e192714cc665a3b964bb30418",13666606,"2021-11-22 20:28:17+00",2912909851394752,1.2902875705126914E+17,0,5.9514204356334E+16,591873,218000748558,4076.65523413
"0x67705f76e926b6a9170da6c2107e69baae018de506865d60ab550f11e4356cf1",13666607,"2021-11-22 20:28:19+00",2.3587033880379302E+17,9.216403682544893E+17,0,1.4904872096356198E+17,4804567,191825895706,4076.65523413
"0xf1ad368d6e01fbfe8752ae4ba9fd2acab6fa637d1677c0aba05a7a3eadfd0fe0",13666608,"2021-11-22 20:28:26+00",60384760169328416,4.309521394893582E+18,0,1.8062603954612723E+17,24550710,175535509763,4076.65523413
"0x0dccb6a94f2878ba961cacded7a3fdfdbd21d417ca815a6ea3f6b077510a5eca",13666609,"2021-11-22 20:28:30+00",5.253525229248828E+16,4.0192858719845574E+17,0,9.95276763831E+16,2120139,189576526444,4076.65523413
"0xdb2b4415ce887ebe53cefefd6be50aadc98fddbb6f950c339c16a107487895f4",13666610,"2021-11-22 20:28:31+00",33954570572152432,2.7187723329372154E+17,0,5.6864203289376E+16,1606472,169238700266,4076.65523413
"0x11ef0d32e8ee2da165aa127d336f56ef2df21903f92854a7fd4d69c33976b5e4",13666611,"2021-11-22 20:28:35+00",1.2449275308440707E+17,1.596277936905741E+18,4.014395833702807E+17,1.19985987235212E+17,10616488,150358379994,4076.65523413
"0xeb12f1d9e1eae45376860714c389794b5883218fcbb687b853415c98915f4f23",13666612,"2021-11-22 20:29:26+00",1.1597438651900493E+18,4.3358733264620196E+18,0,6.60331949310768E+17,29922185,144904970224,4076.65523413
"0xba342fbe59fc4ab68394bcf939f3dc45753f19c06989a8a901509cc477f1a5e7",13666613,"2021-11-22 20:29:36+00",1.8601170545496362E+17,4.873846479126837E+18,0,2.9436879160331994E+17,29901834,162994901220,4076.65523413
"0xb2ab951aa837eda97905139cfc60eb81edc0fefcb4b024a44574af0423b41dcb",13666614,"2021-11-22 20:29:41+00",3374822021582744,67507922840678496,0,1.925230225968E+16,368181,183355259616,4076.65523413
"0xf8c464e83c899e8c35f2492b706435e932960ac2fbc462ad086495333c21b454",13666615,"2021-11-22 20:29:42+00",1.04012390485634E+17,2.2801394502398769E+18,0,1.7581147654870778E+17,14162399,160999520649,4076.65523413
"0x48def68b740f505b31a0ecbe4c8c458e8d08e3c586a39e627fb9ece2638dd055",13666616,"2021-11-22 20:29:48+00",1.6255953625894957E+17,1.27128844461619E+18,0,1.1752238853862509E+17,7950800,159894406175,4076.65523413
"0x303ad696e4f004d2a6d3a398148df4c824ca5d405d612cebd828858d78eb55fd",13666617,"2021-11-22 20:29:56+00",31157888912870416,5.3440360879677197E+17,0,4.4253599596164E+16,3550325,150522447606,4076.65523413
"0xeefeb3d35340a13ace5b11fc7c1c91d7a5d177510a7e75184c38316a9a2c867d",13666618,"2021-11-22 20:29:58+00",4.2712563334199123E+17,3.28832647811911E+18,1.3986374458748907E+17,3.4029776849567085E+17,24148051,136173576829,4076.65523413
"0x63aa50eab23ca03e2fb7c4dd5817b238504e99def7a1faa3403615f2a542b1fb",13666619,"2021-11-22 20:30:21+00",9.829840984427646E+16,1.0816317956462972E+18,0,1.385954941959E+17,7375002,146661898620,4076.65523413
"0x9f1e590c7cb8e54baf204bcf1fdbdfb86c2e9b2d185ee9b150ba845a9a6f672b",13666620,"2021-11-22 20:30:28+00",5.5526356272310566E+17,3.842768785473352E+18,0,5.07716658874658E+17,27974015,137369225886,4076.65523413
"0x585ab80ea8e24d693121160ea22ef044c3be6bcc2383fe106a55c5081030444d",13666621,"2021-11-22 20:30:48+00",6.172406684114971E+17,4.149985360469752E+18,0,4.733954607703424E+17,27246046,152315141818,4076.65523413
"0x05adf1806a98413c20f2921a1ad86d54a454904ce4b9673755145a3c24eb5977",13666622,"2021-11-22 20:31:26+00",1.8716163638362717E+17,3.3966731719675044E+18,0,2.7864642146697347E+17,20223051,167960471047,4076.65523413
"0xad66b710d57779fe142482c90a4445214199ae9cec4701cb0b2507e09ea9caf9",13666623,"2021-11-22 20:31:41+00",8.139138224743998E+16,8.736048632012047E+17,0,2.3935835493024E+17,4981947,175354106176,4076.65523413
"0x2b6a51f3edb11433a96c0cbb73cb4a3b5d04ad1c2e50002da591b56ec8037880",13666624,"2021-11-22 20:31:46+00",4.398809103915437E+16,2.438940130839121E+18,0,1.21511221654032E+17,15174226,160729129172,4076.65523413
"0x414e814011ae555e6067cb3a66358243091af7df8fe62eeb28241388c1f4ef77",13666625,"2021-11-22 20:31:49+00",8.112991350318573E+17,3.6248951405759877E+18,0,3.0425672481497926E+17,22517339,160982394082,4076.65523413
"0x18f64897b8230ce7200e1078b9b45c50764f5ce2bce8fb70bd9653d82dfed236",13666626,"2021-11-22 20:32:10+00",32940763750718508,5.705369596473804E+17,0,3.9530151105753E+16,3334013,171126195263,4076.65523413
"0x5f10053b361bf0c24c575aedc89a271fbbc6b2aa038a8fc09a29ee27d8b8b915",13666627,"2021-11-22 20:32:14+00",24803367340525744,2.74705844153348E+17,0,2.9199471200613E+16,1778094,154494556617,4076.65523413
"0xfd0567f3f1cefc4157a9dac966b7d822e4e811c48ef52d50866b4375e069d480",13666628,"2021-11-22 20:32:15+00",1.1495342736381464E+18,4.1050118759389783E+18,0,3.6952463145561594E+17,29860721,137471961107,4076.65523413
"0xc3fc9e580c89a03ceb0c9255aa5dae739f57ebadc782d16c51a8590131dd00e9",13666629,"2021-11-22 20:32:59+00",6.577434315615763E+16,4.632760038043538E+18,0,3.017970252424252E+17,29979687,154529966842,4076.65523413
"0x7befb56036243c7256c4b24b6609afa2159c71f73870f9b9007565b41a869ae3",13666630,"2021-11-22 20:33:02+00",2.67164847386297E+16,6.330786822707645E+17,0,7.300449969708E+16,3642146,173820237374,4076.65523413
"0x0efa2e2b0c1682a2d04c9298a8fe1192818fe4f06df3b4a2e7c96c2f176e8da6",13666631,"2021-11-22 20:33:09+00",2.359337859072154E+17,2.4057032900815007E+18,0,1.7846160036793184E+17,15286580,157373545298,4076.65523413
"0xbe39ed43672bc75b0ba120600cf121c750eb73a43ddfd58437b96aa8a82dcdbf",13666632,"2021-11-22 20:33:25+00",5.858331549733655E+17,4.731723653375522E+18,0,5.6647842992319334E+17,29995175,157749493156,4076.65523413
"0x8f1ed2598eb7f4d2ff1df2c98b8bf8bab2aa405cb4540714dd1b2e9af0277fe7",13666633,"2021-11-22 20:34:06+00",2.7025240932377558E+17,4.711396509973573E+18,0,3.6148976187937254E+17,26548787,177461836956,4076.65523413
"0xbba44944a8ac271e7adf00b3cbc34a06bb0f81c4f37b06e34d975afb55730f32",13666634,"2021-11-22 20:34:29+00",1.0052088415726E+16,1.8034802487343437E+17,0,4.9024267719588E+16,927045,194540744919,4076.65523413
"0x92f672303bbce4dc369202fb8b6d68bbd66394e2b8fa526352dd4f727cd146c9",13666635,"2021-11-22 20:34:30+00",12172726718774332,6.27586595162015E+17,0,4.6881212199276E+16,3654580,171726052012,4076.65523413
"0x50df58d23d1f38f1ea8231388c680fc857ca7869bed77f0b16bb7c6a06eee431",13666636,"2021-11-22 20:34:34+00",3.26834932330168E+17,2.753312133295912E+18,0,1.60004659538724E+17,17706723,155495295956,4076.65523413
"0x197e6937cc6d2a55248e6c501f2b35127982436278cf84d1e114cea033f54802",13666637,"2021-11-22 20:34:43+00",4.4832647714180365E+17,4.1468401196776294E+18,0,4.0068673634555923E+17,26080317,159002673153,4076.65523413
"0xdac966d56dc4eb365bae49091f4c2aebbb70037d030df1efd4f85f94b6187796",13666638,"2021-11-22 20:35:16+00",1.4781073335603264E+17,2.0315148618394596E+18,0,2.0790015498718227E+17,11696592,173684340006,4076.65523413
"0x7399a63beeacdb53377f015552fca5540de213b9178d8060632e8827721527ad",13666639,"2021-11-22 20:35:31+00",9.707554644836886E+16,1.26276600393503E+18,0,1.6672368092643878E+17,7475543,168919636197,4076.65523413
"0xca51b6739d30412bc23d05401d1397830dce867946f0fd7f6c7aefa17697900c",13666640,"2021-11-22 20:35:37+00",9.579101915184635E+16,1.4902213934816965E+18,0,1.1304600745027808E+17,9412257,158327741527,4076.65523413
"0x5296c77d0ee5267210deff1cb3e6ea5544f28d0a9fcf2c8b879fb40200b59d1d",13666641,"2021-11-22 20:35:49+00",1.2082800799044189E+17,1.9174446026431795E+18,0,1.7752341568802374E+17,12702070,150955285449,4076.65523413
"0x4ca2860c87fd03fad7ce149d4c382312c078a8a124981ee4f44a0dcb890533a0",13666642,"2021-11-22 20:35:56+00",32100387212154552,3.798106056929893E+17,0,3.109684174401E+16,2564898,148080198781,4076.65523413
"0x4ee20b00f4976b3f4395ccc308100ca16291958ecd304bca370bc626db62cc72",13666643,"2021-11-22 20:36:01+00",8.925843858148773E+17,3.9771564429294116E+18,0,4.264784073092976E+17,29963073,132735265269,4076.65523413
"0x8e53a4c752d381dff463f9705a595076246894e778cc35f73894510ac777e753",13666644,"2021-11-22 20:36:35+00",8.217539475088461E+16,3.8669812711942723E+18,0,3.9823312042243674E+17,25897492,149318755314,4076.65523413
"0x039ad76abe39e175de42f7af11b490268c237f3f7856066ae3c6e92c9dcfbef9",13666645,"2021-11-22 20:36:44+00",3.034644494398092E+17,4.881509090733141E+18,0,9.238800802713325E+17,29958603,162941813099,4076.65523413
"0xdeae3b1bdb560ad8c508c538ed085593c03a6bb534b9cf24ebed22dfda867209",13666646,"2021-11-22 20:37:16+00",32317461822846648,7.34340434512093E+17,0,6.9284817668052E+16,4006371,183293168434,4076.65523413
"0x18f89836f4200cd89d1f365b65205a350168aa118ea157d1c9194e3adf395c06",13666647,"2021-11-22 20:37:19+00",2.570447479850926E+17,2.583515606664042E+18,0,2.06294792951016E+17,15516513,166501043544,4076.65523413
"0x074986636ca00fc49869324e049e769016166013bac45869503befbbd0c14573",13666648,"2021-11-22 20:37:32+00",19267731667731736,4.894494137884076E+17,0,9.832401337592406E+16,2927019,167217709823,4076.65523413
"0xd25f39e68e419ccb3824775c946b0a9f7b5eb0b3a2b2f0d2fe46268c674cf0f6",13666649,"2021-11-22 20:37:42+00",4.210233356902695E+17,3.997896576196223E+18,0,4.4847562729120134E+17,26582777,150394241211,4076.65523413
"0xa2ebcfe5e93820584ff2ff3cd2f5a297cec9732a407d43cf43ce84c594530681",13666650,"2021-11-22 20:38:22+00",38487653165362976,3.2672896012980864E+17,0,3.1168134747729E+16,1981247,164910765861,4076.65523413
"0x6382251dc81be6274ee2c6582e94ef08d49e9d62e7bc5d256248a95932db4db2",13666651,"2021-11-22 20:38:28+00",6.533292129389347E+16,3.640613033148502E+18,0,1.945070121155493E+17,24762763,147019661463,4076.65523413
"0xff5572b4d3c2745787a1b80ed84a0be4795e785522e7d4e975dc2f880be919a1",13666652,"2021-11-22 20:38:33+00",7.039947344030173E+16,3.879275607641722E+17,0,5.6756090523111E+16,2440093,158980645723,4076.65523413
"0x1e60b27204109e81634d9ce7edd1d1bb36dbf9c5a16e441b0b1b44eb8eb01ce8",13666653,"2021-11-22 20:38:39+00",7.586490392499518E+16,1.5517254696812928E+18,0,1.3451503713007517E+17,10901239,142343954635,4076.65523413
"0xfc949689fedf5d35928fe2c7a9046664d4791f9e15cd961c7e59c83450143c8c",13666654,"2021-11-22 20:38:42+00",20269066353561176,3.261711382479636E+17,0,5.774244754152E+15,2372464,137482017956,4076.65523413
"0xbb038671ce91cfd93f8574c47b38df0d2da9e55308087761b4dddea0cf5a95e3",13666655,"2021-11-22 20:38:44+00",2.66882382873714E+16,4.146120917070413E+17,0,1.8083575142325E+16,3370350,123017517975,4076.65523413
"0x54353acffd7be7c7b89928a2ccadd3fb09554fe2d28e88c3cd849772f26af96b",13666656,"2021-11-22 20:38:52+00",7.337679358055136E+17,3.328408518669203E+18,0,3.8263594239099494E+17,29958082,111102190009,4076.65523413
"0xe98462fd478876314c82fb33cf858c9a1c382da1c725b3870769197f27298ddf",13666657,"2021-11-22 20:39:09+00",1.2739157831976168E+17,1.8247333108279278E+18,0,1.2335359997950515E+17,14600399,124978318115,4076.65523413
"0x403c0f9d5e9e580f44ab812b522643a8a41f3d33905c46842a78d1ffee05c1bc",13666658,"2021-11-22 20:39:12+00",9.175969485904726E+16,7.446392064064571E+17,0,1.778747971326478E+17,5978052,124562182866,4076.65523413
"0x5613a193158905e5ff49fc31acee364ee58b5e04fcac6a0afa81b960e4b9623d",13666659,"2021-11-22 20:39:20+00",4.7336474623980064E+17,2.8888890009196795E+18,5.807646802167141E+17,2.56429048956528E+17,25077763,115197236728,4076.65523413
"0x29feb94552f61d76f4998e2cc814e7e926f10df19817cb5396e5b26ac06ef5cc",13666660,"2021-11-22 20:39:30+00",4.6749281978931456E+17,1.5191306254275548E+18,0,2.231465092424825E+17,12437800,122138209766,4076.65523413
"0x679b4df437e52ddd55f1f5c06274704e05ae71d0ea21ebcf5c93829bbc5cf24f",13666661,"2021-11-22 20:39:40+00",1.8935294242182525E+17,1.4966992564442015E+18,0,7.2809065518546E+16,12518906,119555115794,4076.65523413
"0x00d8d536c8588855a22086f03fbc2de36f33319c9b4fd8a04eb72af827eb69f2",13666662,"2021-11-22 20:39:46+00",62106894802471256,4.4904162837378765E+17,0,2.9508046721748E+16,3834835,117095423499,4076.65523413
"0xd8052d5a8982709a12bdd03dfe9556675cb0166f49bc26d58aa6a0e940df7a78",13666663,"2021-11-22 20:39:47+00",1.2037297027652557E+18,3.1821181444304005E+18,0,3.1668993980341325E+17,29963302,106200516366,4076.65523413
"0x3953e379a4ce9581aa67ff7ee50572cc761e75761d900207f231929d178c9bf2",13666664,"2021-11-22 20:40:15+00",1.8770935319213142E+17,3.5760786428643697E+18,0,1.7060183667668432E+17,29933091,119469073303,4076.65523413
"0x6688c8e5a88975df172a920eadb6cc5df88759f0c73e4a096fdee89bdaac0758",13666665,"2021-11-22 20:40:30+00",9.279080788198531E+16,1.825186953617984E+18,0,2.0038210852365334E+17,13580822,134394438983,4076.65523413
"0xc7efc5aab0b890442df7a3e9469ab92d14205632646978d8797a190e860728b1",13666666,"2021-11-22 20:40:37+00",1.6604906029536973E+17,1.3874086239398282E+18,0,1.143835661567129E+17,10443448,132849670333,4076.65523413
"0xcbce30b786f58d881d4080ab5506a4fdb652d1fdaf6a5fca4ff7e90a5c0990d1",13666667,"2021-11-22 20:40:44+00",4.481804895623513E+17,3.821220938930498E+18,0,2.8722912128074563E+17,29893499,127827824335,4076.65523413
"0x77b7cfd54b35f1a38ededb315d014a80b50dc01f7f0ce5164e28074bee0d4d63",13666668,"2021-11-22 20:41:15+00",20125792794790552,8.345315348430522E+17,0,7.8507348682308E+16,5803969,143786352898,4076.65523413
"0xb6b520cbf2cbcbbeebd4e679c55abaaa4cdb93291c0bf4b361289ff16b57231d",13666669,"2021-11-22 20:41:20+00",9.913198271227088E+16,1.693188513306068E+18,0,1.17112933144116E+17,12751728,132781103338,4076.65523413
"0x130e96d2b7959a8ff87f6b38696a7cf8b447d9e5fbcc30fa08f16d0ba07f8740",13666670,"2021-11-22 20:41:34+00",1.9673609125547613E+17,1.5121105596022326E+18,0,1.6422183023021974E+17,11601742,130334785897,4076.65523413
"0xb12fa5332ce6b7b99edbed4b440b1383fbf158aca37444651834fb29184b08a7",13666671,"2021-11-22 20:41:45+00",2.2735234838910618E+17,3.581853022051905E+18,0,2.473836132049374E+17,28277374,126668516746,4076.65523413
"0x8bfee22ae663d057d714347366e35a0617364d0dce9c1117c893f76a96cba75e",13666672,"2021-11-22 20:42:03+00",9.37708962176055E+15,3.108882588054431E+17,0,2.6594749436031E+16,2209379,140712959979,4076.65523413
"0xa8d1cbc48608bbb3a431f8c0bc55d486190e86d2cadb8207c0506162a0e7c719",13666673,"2021-11-22 20:42:11+00",3.146923675225089E+17,3.1927269989193964E+18,0,4.329610235041553E+17,25396632,125714582899,4076.65523413
"0x71308d761b8ab70e5680e7a3f58d8fd66cd429982273f36ead8663f7999f607b",13666674,"2021-11-22 20:42:34+00",2.1525282834441664E+17,2.550961328953514E+18,0,2.0364143324735734E+17,18677355,136580438127,4076.65523413
"0x2d88804528252acc6314e80b773735e4df1ad9186395635ffaa2a524cadc57c7",13666675,"2021-11-22 20:42:55+00",8.182101617448723E+16,1.3805919151044605E+18,0,1.1824335132540013E+17,9807716,140765894435,4076.65523413
"0x80e244a0f4d13c18fea24a4a952f3700cf44e6f70913d9b3119ebec0587a0bf3",13666676,"2021-11-22 20:43:10+00",5.425181399475411E+16,9.378251341604288E+17,0,9.899445709891494E+16,6963031,134686336189,4076.65523413
"0x3f9c2b7f0546f007cac9c5912f27fd118c18dfccf3f2296ffd2887e41ca3ea19",13666677,"2021-11-22 20:43:13+00",1.0347960273895654E+17,1.3718624494197248E+18,0,7.1252486436537E+16,10916756,125665760911,4076.65523413
"0xe3be9d1fd573a4575aed50d6584052bf360b59f994e6189c7d883e7d8f3eb6bc",13666678,"2021-11-22 20:43:19+00",0,0,0,0,0,121400913391,4076.65523413
"0x4c8c87a27d7bd58fcd35eb64baf06ba122670fdb45830944e8f2a9050b7a478c",13666679,"2021-11-22 20:43:20+00",1.8507443119265754E+17,2.5645761156192195E+18,0,1.09306347395322E+17,24142686,106225799218,4076.65523413
"0x97933c23a382c48779b0884ea766f30b5e6d01860534b151fada83fbd6280039",13666680,"2021-11-22 20:43:21+00",0,0,0,0,0,114298233593,4076.65523413
"0x0172b10013061e73a1b6b30b19823397c8d308f2ee6894d4e9ef5e25dbe7055f",13666681,"2021-11-22 20:43:22+00",5.3778690177463923E+17,2.792694989304027E+18,7.110658844268127E+16,1.9322116388920762E+17,27923891,100010954394,4076.65523413
"0x633bbcfcd089d67f298ccbc7171598c56ca460fcda4d3e0454978559f5aaf34b",13666682,"2021-11-22 20:43:39+00",6.134208104907845E+16,1.119172276725986E+18,0,6.5153217627792E+16,10100396,110804791884,4076.65523413
"0x328962790d9d9c6554277ada207e3e596dae3d62145db0780c1eefd4362e5019",13666683,"2021-11-22 20:43:40+00",2.414336876614061E+17,9.07744623182659E+17,0,6.695680146309E+16,8541016,106280637243,4076.65523413
"0xfa9b2a1f1335848eb1f8b0466db290098a64d37098d9953ee7aeff547f255052",13666684,"2021-11-22 20:43:50+00",4.3412636641888557E+17,2.959880539363816E+18,0,2.4707615615455565E+17,29433947,100560096115,4076.65523413
"0x04f489f2673add1fa95e14d876ac402aee613707c764be2bb8cf3c4cc2fb5cc2",13666685,"2021-11-22 20:44:01+00",1.765901509876683E+16,2.7860939895900013E+17,0,1.1828854302405E+16,2473104,112655755261,4079.56858412
"0x438dc126976775c01aab69c6cd2fdbaa8636f0008a29d004195a17c8b21d7357",13666686,"2021-11-22 20:44:03+00",1.2785918443393265E+18,3.026476438165535E+18,0,2.7121328726822474E+17,29995465,100897800323,4079.56858412
"0x60c3e2815f4316bcbb2ffbfafb15f69ae77716adb9cfb6b9248b7656f2c5fc24",13666687,"2021-11-22 20:44:36+00",1.2865797000063155E+17,2.7709444211547965E+18,0,7.8659821413558E+16,24412266,113506235806,4079.56858412
"0x766e78c0d53baa8439d51443acd112d22b2609093ddf46c3635edb3975deef3d",13666688,"2021-11-22 20:44:39+00",24947422434488356,3.89945132683925E+17,0,5.656346979591E+16,3185000,122431752805,4079.56858412
"0x162d2899e39c27e435e5afb037eb74ef5003a999e121d998b7a9f47297f41c1b",13666689,"2021-11-22 20:44:42+00",19348861439118504,4.538000669053281E+17,0,2.317923983403E+16,4111352,110377332543,4079.56858412
"0x0cbb417fc8e60a0903c1ed18246bedae08b1cb45233e5b9d32e70df67b6fa4d3",13666690,"2021-11-22 20:44:44+00",2.903371873531894E+17,1.28687957002368E+18,0,9.27343338768E+16,12822400,100361833200,4079.56858412
"0x88c2e5288d67ea21f5e00e15c9abb43995e0edd58cf7fc143fdf42e0bb880a14",13666691,"2021-11-22 20:44:53+00",5.668759247909965E+17,2.9546617946616586E+18,0,2.44209583783032E+17,29981018,98551083044,4079.56858412
"0x1996c1ca5f48ebe2b2d809f41b2bfc4f1979d401fcc07be729c1802ecdf87ce8",13666692,"2021-11-22 20:45:27+00",1.1427039819595013E+17,3.325202396316817E+18,0,1.9554716559722368E+17,29996124,110854402266,4079.56858412
"0x688abeec93030351e9ae8e449ea374311eb83b7435c24cd95dc9c55b7a4a6a7f",13666693,"2021-11-22 20:45:32+00",1.2949066091929485E+17,5.341246154347453E+17,0,7.5946941768768E+16,4283015,124707621952,4079.56858412
"0x0a3755b596e97cb22adcf3d0e45b4425133979858cf57e66e593de72454e5631",13666694,"2021-11-22 20:45:44+00",1.8334416051123386E+17,2.7738709663628216E+18,0,3.1005854472411046E+17,24423348,113574558507,4079.56858412
"0x75af625dc01d0f4d30c262f42850cee3d172466128bdf5e048b6514a3144c986",13666695,"2021-11-22 20:45:55+00",35259474404891984,5.758473287393065E+17,0,8.234589989539203E+16,4699316,122538541511,4079.56858412
"0xd3901d8fc79d77fc3b047d869af6777c89da53ef62ede15876a8f326a2b5539a",13666696,"2021-11-22 20:46:12+00",2.3855503441270394E+17,2.939767530805027E+18,0,2.7526762906133485E+17,26239950,112034037062,4079.56858412
"0x0ed5d598152a174fe5079bdae426e651ff07d10ffcbc20335df0b28c013c95bb",13666697,"2021-11-22 20:46:25+00",14068061644387844,2.016767167782533E+17,0,3.60443274702E+16,1645001,122599753300,4079.56858412
"0x8eb2ffa1fc559b00a24a5d660bd2c20dca3f332f1cd1ed47e35bd680e6aed7d6",13666698,"2021-11-22 20:46:27+00",2.91938073824723E+17,2.1441992414266662E+18,0,1.6805524657609786E+17,19559386,109625079306,4079.56858412
"0x28df6e620a7668dfa9c780a2c77bd0dc4b3b8f82645ca6fa17b6919e87e6ede7",13666699,"2021-11-22 20:46:46+00",1.5505559028487936E+17,1.9177887092768507E+18,0,1.24297158295128E+17,16848537,113825236534,4079.56858412
"0xf7dcb26f916a6ab7c7398698d873514170b74a600045609f4714b615d0dfb318",13666700,"2021-11-22 20:46:58+00",2.853786194968779E+17,2.8792318802886036E+18,0,7.47663972682698E+17,24908077,115594306228,4079.56858412
"0x05a001b80462ad26a961af37c2e17e2ec8e886237d5e46001cc675153ff73d12",13666701,"2021-11-22 20:47:17+00",19480854435653216,1.814185847087361E+17,0,1.8402282058398E+16,1449197,125185592234,4079.56858412
"0x4dff32a950cdf6038bd38935dd92a30c5981c743b0772037db38cd63372b5e51",13666702,"2021-11-22 20:47:20+00",9.111286908271346E+16,9.889494320464995E+17,0,4.897466067753E+16,8905150,111053652330,4079.56858412
"0xbdd25aff959912b0e13c13172fbe418f96ba91dc823d6039cf0712e9f2e4c6d1",13666703,"2021-11-22 20:47:27+00",2.982604119704553E+17,1.2797327925157809E+18,0,9.5202673886712E+16,12138301,105429317704,4079.56858412
"0x6e509963f5ad4f127d90af259b066e4763c41ad43ddd0a60911745c5f4df4f0a",13666704,"2021-11-22 20:47:32+00",3.240256723157994E+17,1.3552566667390254E+18,0,8.647497247452003E+16,13164683,102946395803,4079.56858412
"0xc6c1de7b526255767e46c0e8ceb5d03e43830c7084c75e5bb88247068f848845",13666705,"2021-11-22 20:47:45+00",6.955337351310673E+17,3.0385470570603464E+18,0,2.91710543316696E+17,29967720,101394001848,4079.56858412
"0x74446d8da5ce757daf7d77d9a32218d87edd41ceae0a91737b6b9d234a94e336",13666706,"2021-11-22 20:48:32+00",5.504216690828131E+17,3.420947703871203E+18,0,3.1858571136810483E+17,29991009,114065775642,4079.56858412
"0x27e65ac1d627517f4c395d1d86c629fc80a023ca45dcbd69c050ee0fbafc1644",13666707,"2021-11-22 20:49:09+00",7.689858327342709E+16,2.3645781105514774E+17,0,4.0419392876415E+16,1842784,128315532941,4079.56858412
"0x92bf07921c2da30e93d336df5e510cf56709e902458e4a4fbaea781bf27c387e",13666708,"2021-11-22 20:49:20+00",8.028076219890781E+16,3.4194183309245573E+18,5.630703281214485E+16,2.855070133277663E+17,29929655,114248504733,4079.56858412
"0x2ae9807c4fd27d12e5e59912e0f497e738962c0da5c984959ae226cda721e7e7",13666709,"2021-11-22 20:49:23+00",5.031853883364349E+16,1.5400402152812623E+18,0,1.6463208274627808E+17,11983032,128518409638,4079.56858412
"0x0cbeb454867146118637f04265bc2fa5c797fc4239f22c73e554e245321c9f6c",13666710,"2021-11-22 20:49:31+00",1.1031934201772878E+17,3.338935282710248E+18,0,2.4989278593774534E+17,27217317,122676870858,4079.56858412
"0x84f52efb7a62fa40d731b27a97526dbfd782ddb4ee75869e89aa0e7005cbbe05",13666711,"2021-11-22 20:49:46+00",1.1572030212884858E+17,1.4326916543361196E+18,0,3.436661707751591E+17,10593040,135248394638,4079.56858412
"0x0268cf9035260fcbb722aa6dacb123c669e1254b1ca69e864c012ec386a09d30",13666712,"2021-11-22 20:50:01+00",1.377828541755089E+17,1.1305350438409261E+18,0,1.25874441738192E+17,8676081,130304805112,4079.56858412
"0x5b5c64db7621615b4e3770efb436b1e0488ca54b93b27fd3331c5b82db1508d0",13666713,"2021-11-22 20:50:15+00",0,0,0,0,0,123465483265,4079.56858412
"0x1a3331aa4541a259c1daaef2253446c75861f4583f82c9ea16c004951227b8f1",13666714,"2021-11-22 20:50:16+00",8.604236331483635E+16,7.620493499503859E+17,0,4.537356509994E+16,7053903,108032297857,4079.56858412
"0x085ec5f8dfbc9e05a07824f4e0d5cb9b2728895e673cac2deb33ee2f333a2777",13666715,"2021-11-22 20:50:17+00",1.460528808335334E+17,2.6749527332653583E+18,0,1.2076664490090883E+17,26513268,100891098497,4079.56858412
"0xb97e9fd554f00a027585649e2faa43ce5a338e84cd2fe5bdb0307d1b293fae1b",13666716,"2021-11-22 20:50:25+00",1.5299364337134086E+17,1.5970470144736113E+18,0,9.0611240681052E+16,14435091,110636435508,4079.56858412
"0x8eb39d1cdcd1f7e8f42633525bf41e4aa1777bbaa36502da2c3ff127b74f7691",13666717,"2021-11-22 20:50:58+00",0,0,0,0,0,110154670722,4079.56858412
"0xd9758ac407a36ce72810fa6630989c99b8ac559c66bb8626bca0a840ec894406",13666718,"2021-11-22 20:50:59+00",1.0235388487141966E+18,2.88704811606988E+18,1.755492164672824E+17,2.7730061420951296E+17,29953188,96385336882,4079.56858412
"0xc7d21b0fb8d6e4c3b3476a405677b24d5ea04c56ca74a50da3aeaec6a800d986",13666719,"2021-11-22 20:51:12+00",68576240058589584,3.0243382413100447E+18,0,2.0718959989100147E+17,27894790,108419466191,4079.56858412
"0xbacc0eb938d1b9d232b4ddcd223647de9366a1c62aa6ff5df622a4b8638a5137",13666720,"2021-11-22 20:51:13+00",2.984437802796734E+16,1.4057918076962097E+18,0,3.783754621017E+16,11703307,120119194318,4079.56858412
"0xe888be7dfee7de8b8f1c56ef82f6fd1b6264a02575d52b5098395bbe6d8ae773",13666721,"2021-11-22 20:51:17+00",3.028846221315804E+17,3.305994163021094E+18,6.810889341301693E+17,3.410288471954286E+17,28297304,116830711612,4079.56858412
"0x1802a4c785ff478004247e055e6e6a2efcef6615498866b85a047e9c3858bfc8",13666722,"2021-11-22 20:51:39+00",8.006667387803685E+16,1.0964323216754277E+18,0,1.090126201155599E+17,8448592,129776928709,4079.56858412
"0xe40cb22c16f5f84dabaecf9ef806ff78ab08909cb893dec70a6766bb04c2bb18",13666723,"2021-11-22 20:51:46+00",21415640765554476,4.466032407765913E+17,0,2.576526721335E+16,3640043,122691748635,4079.56858412
"0xe678d7a754917342b943e38f6c50c445ec9abaebc5287da129fd3305ea1bcda0",13666724,"2021-11-22 20:51:49+00",4.202535808407204E+16,9.305700483712852E+17,0,3.032500697772E+16,8377430,111080611640,4079.56858412
"0x55631629bd63a3803652f9cb9d91e568b3ee5f6913cf2e13c85d8bceec4b5942",13666725,"2021-11-22 20:51:53+00",1.7102974835492883E+17,1.664411521641004E+18,0,8.3750333675148E+16,15859046,104950292826,4079.56858412
"0x197b96bc84b3179432890960e347beec246d445c6aa50af38737496718c72da3",13666726,"2021-11-22 20:51:58+00",1.5570815152437904E+17,8.960175980565019E+17,0,7.1040596294304E+16,8475771,105715173057,4079.56858412
"0x12121e2cf44f686ae52b027bb86d2511c61986e300314c6f1065b43add97fb3c",13666727,"2021-11-22 20:52:03+00",2.544888156112825E+17,3.0085472777384484E+18,0,1.4307460179675574E+17,30027730,100192298177,4079.56858412
"0xf95dad62b871d449b85d5c6c14f637d23b251b0733cfc94a88b1f30104e1e8b0",13666728,"2021-11-22 20:52:14+00",0,0,0,0,0,112715077591,4079.56858412
"0x0029e3e06a85709061ecf84d266fe00b6862e1c08fb4b2789d7040ab811872f6",13666729,"2021-11-22 20:52:15+00",31044765482097148,2.1939247378970112E+17,0,1.684266651648E+16,2188367,100253967360,4079.56858412
"0x3829481edb2827a211b410b87649180ddcc36058b20e32abcb67cf5dc911e61a",13666730,"2021-11-22 20:52:18+00",4.048445338470089E+17,2.440214224661746E+18,0,1.7489561123204058E+17,27249045,89552284297,4079.56858412
"0x0ba7f7b97839e88a88ac56a6c6cde89e1741c6a527fa85c3f93033319886c1b5",13666731,"2021-11-22 20:52:28+00",2.243183244517995E+17,2.959894370535492E+18,0,1.6580498688096E+17,29990790,98693444572,4079.56858412
"0x7d7ad30b3ba390cdf786ef38b5b52b028e647d0877c869e304236c452894a722",13666732,"2021-11-22 20:52:41+00",7.414878106532588E+17,3.330531184111499E+18,0,3.403951395907858E+17,29998691,111022550421,4079.56858412
"0x7e22bc9fc1c67af46abd37fbf556f3eae68a233a9abfb6ef4da258febfc1dd8e",13666733,"2021-11-22 20:53:45+00",7.857587171862835E+16,3.2400745087799035E+18,0,2.17699232658936E+17,25941524,124899158152,4074.292578377932
"0xc28b66043e809f01eecdb410486da8f301d72cd619c381c8723521a880af20ee",13666734,"2021-11-22 20:53:55+00",18001021539661234,5.636128931407279E+17,0,2.68233931910784E+17,4147767,135883450816,4074.292578377932
"0xbb57af1b4054653d8d35c972a46f00c0bf4a645238bf5b741f61df13ebade306",13666735,"2021-11-22 20:54:02+00",1.4936227695171642E+17,2.0785241215799836E+18,0,2.102347513265584E+17,16817246,123594797958,4073.53278107
"0xb5906c0703f81b57d3fe70394982c73112dd5e6422333562f037471c0973b633",13666736,"2021-11-22 20:54:24+00",23415688737355296,1.0619712862254483E+17,0,1.5810912162108E+16,846304,125483429858,4073.53278107
"0xa4369658721e30ccfad6c3ae3b08e5603b6c0ecb3bfcaaa5c762bed084590fed",13666737,"2021-11-22 20:54:26+00",3.050654521959662E+17,3.316986960766583E+18,0,3.9049565313326234E+17,29967888,110684708938,4073.53278107
"0x0e0bfce611c499704296426067201c74c832df92136dca0313a61c7c24117eaf",13666738,"2021-11-22 20:54:53+00",3.3255175566887014E+17,3.727850979434881E+18,0,3.3208883741777024E+17,29938310,124517749313,4073.53278107
"0xb8d6a2f61f5bf69a30e33ff53171e43df40f52585a4e06890c90265fc50fde4b",13666739,"2021-11-22 20:55:28+00",27006066688999044,2.0764573057331185E+18,0,7.942494958328698E+16,14823444,140079276161,4073.53278107
"0x7ed202721012191147e02493e74e5205d7b16640f75add24eeaebce290af8357",13666740,"2021-11-22 20:55:30+00",8202111923222759,5.684290892118204E+17,0,4.7014453469088E+16,4062414,139923968658,4073.53278107
"0x2fc49112b4a91a21c9a1df6a75d22fcec50fee4f15ec234be0eb86f791a04b83",13666741,"2021-11-22 20:55:34+00",9.996578181764096E+16,2.239564467305679E+18,0,1.095016794584791E+17,17609456,127179650939,4073.53278107
"0xd00c04d695708f8623659fdedf8b0e8515ceb493b418764c858ba961fc4116ed",13666742,"2021-11-22 20:55:40+00",10825809976309288,3.6485318863064755E+17,0,1.3646168507685E+16,2807351,129963509597,4073.53278107
"0xdc333d3c911384b2de154bc8ad739f74246f8681ab59cfc58b9b18e4e6fd7b82",13666743,"2021-11-22 20:55:41+00",2.32370636870467E+17,3.4992704019098716E+18,0,2.7708207970216115E+17,29968624,116764466794,4073.53278107
"0xabfccc862305a1cc471e0e1d06e424c9dd8d1c5a428b541bfdebbbb2a8a89ceb",13666744,"2021-11-22 20:55:56+00",19514075625053888,6.403609341463578E+17,0,4.137779614626E+16,4874926,131358083004,4073.53278107
"0xa7bca68f1458cc2ae88157a302e2e34fe4821af898bd3693e2eee3c7adb8eb81",13666745,"2021-11-22 20:55:57+00",1.3926629721079574E+17,1.3864586022437258E+18,0,2.0458723752652458E+17,11527435,120274684025,4073.53278107
"0x5393d14b5eb5a16b0f997d6515808a2df9dd57d40bf34d2b30f70a5d1a93f664",13666746,"2021-11-22 20:56:10+00",31304080022587572,6.504996134505618E+17,0,4.4148196338624E+16,5569624,116794170208,4073.53278107
"0xea0c69a8c633b4c63932f996e0de98eaaf779d61a922dba7182f0f064c28b4e9",13666747,"2021-11-22 20:56:14+00",2.8852451060255744E+17,2.9337279937764567E+18,0,1.875742157254346E+17,27261145,107615729045,4073.53278107
"0xd38b033ceeb0d368c507bf53089d477a27ec251312566c03e23bc5b42469cee2",13666748,"2021-11-22 20:56:22+00",1.1012237982525923E+17,1.4334341648961183E+18,0,1.3948711952532022E+17,12085120,118611496195,4073.53278107
"0x3d996ab53251499156ff24f5c9e84c548898c30842e1dd3108fd29cd3435d150",13666749,"2021-11-22 20:56:30+00",58860912030765984,4.52458773777619E+17,0,2.9164046657508E+16,3909595,115730343879,4073.53278107
"0x3f4e5907b351d1d05de05fee2a499f870d4fde16f8b4967c0661ae94a491aa0f",13666750,"2021-11-22 20:56:34+00",4.190348468638555E+16,1.5569051603789972E+18,0,4.6321857791244E+16,14822272,105038226284,4073.53278107
"0xc8ac6c15795ab2637e6c3d87196776a5d4e79f52b752ed7a6606760128f5d523",13666751,"2021-11-22 20:56:36+00",2.2102772833440826E+17,2.2370546300846561E+18,0,1.5197498850832198E+17,21329116,104882669778,4073.53278107
"0xd40ad368229696abb3bee3cc112c0f1758219c7c6eb716930d8129b600b50ec7",13666752,"2021-11-22 20:56:52+00",1.3668467179406633E+18,3.308717078120171E+18,0,3.9186091134617734E+17,29966339,110414457973,4073.53278107
"0xecc586e4160f57e79ebee61a993c10c0ce892d0469fc1c18033f2a1e099453fb",13666753,"2021-11-22 20:57:30+00",1.0252325805253298E+17,3.725229937482837E+18,0,7.147172575401165E+17,29990843,124212244967,4072.33855985
"0xf735b42c031ec1bf562a17a1d42b856e806224e7938d1db0787a2cb83d089198",13666754,"2021-11-22 20:57:40+00",1.3645210464269157E+17,3.6858185902745825E+18,0,3.7265811279404314E+17,26378275,139729326132,4072.33855985
"0x1f7df28f4bf3020687d9b040782c3af653635c0af5f6aae37d2a250c17dacf57",13666755,"2021-11-22 20:58:08+00",9.844364193817018E+17,4.5798935885437194E+18,14775712051957032,3.181043964462213E+17,29932308,153008367699,4070.7065237
"0x3c23f0f0278d736a5aef875564197b65efeda587dcdc9dd7674d2245a0eb7b26",13666756,"2021-11-22 20:59:06+00",26170887559097184,8.787556678970364E+17,0,7.9520726792892E+16,5105400,172122785266,4070.7065237
"0x3ddfcf55a411b7acffc85ad7625226e61df396bc2fced2821887e4f55b5a09fe",13666757,"2021-11-22 20:59:09+00",6.316618839667829E+16,4.1102258317614285E+17,0,5.9700402522936E+16,2602437,157937572812,4070.7065237
"0x2f415d464b4e4a646feb681cabebeaa7749bf42fdb6d8bb519d919c059af644b",13666758,"2021-11-22 20:59:21+00",1.7556493926047462E+17,4.242639195200261E+18,0,4.044874840482004E+17,29956372,141627270325,4070.7065237
"0x1fb6c7f763dcf9f5e19adbcef9e86dd935c9e882e1af60a764f72be4ef1418cf",13666759,"2021-11-22 20:59:30+00",9.118616509072254E+16,2.4551815865357773E+18,0,2.308457673661856E+17,15410974,159313849114,4070.7065237
"0x9903cab482f54eaad34ef08087cee4bfb13e8dfe1e6dd403c26c928a5f98962c",13666760,"2021-11-22 20:59:45+00",2616923501159476,4.607759474654969E+16,0,1.3428201551184E+16,288238,159859542276,4070.7065237
"0xbb457989a823c3c98d966b9b9b28ede152df498ba93236b00aae4ca788ece962",13666761,"2021-11-22 20:59:46+00",31879978478725704,1.1316367225884527E+18,0,5.890981162332E+16,8068052,140261456246,4070.7065237
"0xee43ca960b88a216e00b6f470d64e202ecb2f0b51c4b4900704469b474ed2e6f",13666762,"2021-11-22 20:59:50+00",4.0140540760422234E+17,3.143290731803324E+18,0,2.8863552872481517E+17,23784137,132159124874,4070.7065237
"0x8fb0e61c587a291b26a6c76a615e0138e44cf0571271377abecfe0159aaa1c4a",13666763,"2021-11-22 21:00:06+00",2.3490995026970336E+17,3.014482202671057E+18,0,1.45946490083184E+17,21253695,141833323696,4070.7065237
"0x42180dda3f311ad6d52f81a7fabc37926649faa3a648fb74df04430964c80634",13666764,"2021-11-22 21:00:19+00",2.0811693151421018E+17,1.8622871291861338E+18,0,1.6924881780941376E+17,12477686,149249398421,4070.7065237
"0xd9e442229f4f4f6acfca3b47f79bc4a73abff00c250a89f1abdc1adf06364a1c",13666765,"2021-11-22 21:00:31+00",2.151639060584201E+17,3.688942514854518E+18,0,4.143143745313659E+17,25242069,146142636519,4070.7065237
"0x332465ae6bdaa3a76b2637a0f701d83dced7fed1ae64aaa4b62e9af5acc21830",13666766,"2021-11-22 21:00:50+00",5.597005523038456E+16,1.4776925797599524E+18,0,1.633087084772008E+17,9310867,158706227869,4070.7065237
"0xbc4cd67742bd7c0bb4152648b2fb9341c76c2b06981daee947ef14bbcb805dae",13666767,"2021-11-22 21:00:57+00",4.099240215315376E+16,8.381814592904259E+17,0,3.8106986219064E+16,5542861,151218199282,4070.7065237
"0xa6289fed1f026998e441b8f56cb6d34a743047cc8586212f1cf83a8fe2a25922",13666768,"2021-11-22 21:00:58+00",2.6331185631791754E+17,1.431697281990815E+18,0,2.2819704938339443E+17,10276733,139314437963,4070.7065237
"0x9eecc9b00c2c66331ab117888986dd74ae15613d59803df220a29115cb798d0f",13666769,"2021-11-22 21:01:21+00",1.1974162269764826E+17,2.630870819825777E+18,0,1.658599431489E+17,19653021,133865975100,4070.7065237
"0xc01007de587d7ec87c9f626e6885f44245016297307d3b2cf4ae8d607e8b9e51",13666770,"2021-11-22 21:01:23+00",51639424940668656,4.5176388023316474E+17,0,4.090157519511E+16,3247273,139121004065,4070.7065237
"0x9a45bf1ab01bc264f0826d9487357cf032db426a3e5ebbcad7b473c26f7bfe94",13666771,"2021-11-22 21:01:33+00",2.5541008274104262E+17,3.528449016363815E+18,0,3.294452290604996E+17,28114472,125502944404,4070.7065237
"0x60dc7c4a8df57c0821177e1b69679ecd8e5a169d19f01d9d7b955f4142eebeeb",13666772,"2021-11-22 21:01:41+00",6.09821914343586E+17,4.169585041220793E+18,0,4.388111459549984E+17,29931311,139305125700,4070.7065237
"0xae03547cce3fd6dd68bbe56d1092d2958ecaa644206e6a961967ae91dd22f5d9",13666773,"2021-11-22 21:02:04+00",2.1430234428346547E+17,3.5095438996809805E+18,0,2.3035858408248E+17,22395647,156706519784,4054.69909729
"0x582316f9146cbda4ad27e06ab0aabe3ef30b8d8ac3f1d5395fabb88dba30c26c",13666774,"2021-11-22 21:02:30+00",1.0767954328154323E+17,1.8432168092725957E+18,0,1.572414289236E+17,11077487,166393046480,4054.69909729
"0x3cee9b50c3592a27c239f4b17bbef70c44b2c2ae4b062a774affc975ceae3c82",13666775,"2021-11-22 21:02:40+00",14739493439729228,9.553433811523895E+17,0,9.126097457526E+16,5935502,160954099780,4054.69909729
"0xee610f2b63884d19543ccc3405064e1b8f3cae75a72260512d80b32807c26f95",13666776,"2021-11-22 21:02:45+00",1.642878560758705E+17,3.6471346337841E+18,0,2.0935601723645734E+17,24510967,148796032151,4054.69909729
"0x8c7ade7b605455271d555b39076ced89c87b73287a696cedca4467bba2821b8d",13666777,"2021-11-22 21:03:00+00",9.973131010801902E+16,1.5753567877021146E+18,0,1.9559778779662778E+17,9809848,160589316746,4053.42109683
"0xf42c0a08bb82740902635513cddf9780d95b052b10f7da6c576bf40a81185537",13666778,"2021-11-22 21:03:12+00",2.4218559952433658E+17,4.608784222182939E+18,0,4.64618323161216E+17,29996586,153643625384,4053.33958454
"0xebdd52dec248a111bbe6f89ce1c2d5a48952b0f9c7f6aa9b462800376939107f",13666779,"2021-11-22 21:03:45+00",5.798139947998387E+16,1.188537160370343E+18,0,5.7259057372608E+16,6974416,170413861228,4053.33958454
"0x3c33728ce987023f775d1ee453e75c3ff7506e0b600a90c8b8a0d7691704e6f8",13666780,"2021-11-22 21:03:48+00",4.618637746720707E+17,4.765702301370165E+18,0,6.41233058961602E+17,29966190,159035976925,4053.33958454
"0x044f9ac980517064662d78c72555d7f08e6e45bd4e00a402e6ed91f926a2d7f4",13666781,"2021-11-22 21:04:53+00",8.924426552142661E+16,5.364219178617014E+18,0,2.93053798556064E+17,29982860,178909522928,4053.33958454
"0x25ebbf961614ab4a400fad14f7addb014be17a8abd05df1909200eea40e592e6",13666782,"2021-11-22 21:05:06+00",39891514318632096,2.188161705345165E+18,0,1.14107471683758E+17,10872975,201247745474,4062.63140639
"0x86d40428e4841ad69be30212b154fa7c97d284dfc6775211d92a20d126ef9b4c",13666783,"2021-11-22 21:05:15+00",1217060104601572,8.421319798365946E+16,0,8.160965565942E+15,433399,194308703951,4062.63140639
"0xce59b5b00a52413cdbd0a00d605d62ac7745153dcfd964d6f23108d70bc6d6b9",13666784,"2021-11-22 21:05:29+00",9.305254339217507E+16,2.6601335895031905E+18,0,1.6850250998895322E+17,15581678,170721894619,4062.63140639
"0x89388f84fc1f44cf94137ffa5b63d6a605c6431be30aa806412c5e54431df8e7",13666785,"2021-11-22 21:05:32+00",2.7176681610489126E+17,4.5029193306811223E+18,0,3.38681489801088E+17,26245198,171571170112,4062.63140639
"0x5b167c0df41027602bc609c6923c6a9a5f79dcad44fbcf0d71e280f29b4042fc",13666786,"2021-11-22 21:06:05+00",4.518433887455696E+16,1.259424227905699E+18,0,1.45803462740292E+17,6711587,187649244196,4062.63140639
"0xeaad94d3159f709e4d20d990d0a28b66237c7bd4d23c46b56e8ce6598d30f143",13666787,"2021-11-22 21:06:17+00",2.151378315058355E+17,2.8728856894529413E+18,0,3.264733542433028E+17,16446743,174678092158,4062.63140639
"0xd21e426ccbb1326a3ae0e1a0e05db0ff368471fb97426e02c74a4cbbc4816fe1",13666788,"2021-11-22 21:06:32+00",1.728573150836951E+17,2.0093978123032195E+18,0,3.378343094541869E+17,11366398,176784044717,4062.63140639
"0x54c851e1d8b3da6edcb11544012af64fbd997223d083dc9c66f788df051e1d4c",13666789,"2021-11-22 21:06:56+00",2.1563353839866778E+17,5.00629993182407E+18,0,8.316118823713454E+17,29202999,171431020897,4062.63140639
"0xa415cf8e7e60c28fcab42a1fb40d09973d5bf86c14c3731df9aa2215c3221e27",13666790,"2021-11-22 21:07:16+00",10373338222294084,4.9653518474484403E+17,0,3.2209179976344E+16,2589880,191721309383,4062.63140639
"0xfa01fe75102bf03405dbd0fac694e30ba0d57d2f25a54ba998f9980824dbde0f",13666791,"2021-11-22 21:07:21+00",7.882351836465434E+16,1.4773215177213699E+18,0,1.4438751805043984E+17,8594580,171889902441,4062.63140639
"0xa210c08270e2a7bfb56f739427e5b27a3564000252e0bc87b1d88f9e557273a1",13666792,"2021-11-22 21:07:32+00",3.938355474541629E+17,3.207665539613465E+18,0,4.066239785327149E+17,19713437,162714677284,4062.63140639
"0xd4d00a42c7ded69f02070b31809ce0dfaf814870fc8fb91bf40e5b635a866033",13666793,"2021-11-22 21:07:43+00",1.3059175369814093E+17,5.419977573957455E+17,0,6.7483675010829E+16,3204584,169132017571,4062.63140639
"0xab2867622bab76244813ca10255f9d9c110dc83ea2366a06d82ca857697d718b",13666794,"2021-11-22 21:07:47+00",4.01634342771053E+17,2.127866591829617E+18,0,2.17792844281488E+17,13951760,152515997396,4062.63140639
"0xa7c115b490e644ddc4d29af8d0c4b4356842c5e90756b5e48620c88ed49a60a6",13666795,"2021-11-22 21:08:02+00",2.0586360830171978E+17,2.8090700923278843E+18,0,2.2549253001494138E+17,18574112,151235767951,4062.63140639
"0xcbc77bd16c8d86a2cc228d023aa981057528ad37e576aa89713fd7af2b11b6f0",13666796,"2021-11-22 21:08:13+00",13272878089205564,4.283503449041263E+17,0,3.272469364059E+15,2748798,155831874479,4062.63140639
"0xbd379d7cab061db62c07059ebf15a5b8c3e6473af213724d231c64f142fce1a4",13666797,"2021-11-22 21:08:15+00",2.942983839750624E+17,4.122341531471918E+18,0,2.585961056836075E+17,29459404,139932957621,4062.63140639
"0x1f57bb4c7e73693dbbe0f77c13cab0f79256480260a522e1d9e73b8fe5055bdb",13666798,"2021-11-22 21:08:29+00",2.7906857082144986E+17,4.598941370572853E+18,0,3.689381089850407E+17,29318495,156861440895,4062.63140639
"0x4d9baf74ac3ea1b704757cd31d81ed15d78b73cccea69608012e75b4f83c6768",13666799,"2021-11-22 21:08:55+00",9.244969963431224E+16,1.7199678783743977E+18,0,1.843966362294E+17,9793922,175615844028,4062.63140639
"0xdb52273c48cecb4991840f2c9a260c2800b2e16a1638a46a6629f9849f732117",13666800,"2021-11-22 21:09:08+00",1.698083049796354E+16,9.956354675420352E+17,0,9.8782226382672E+16,5926508,167996983644,4062.63140639
"0xf0ac27caffbf8ea76e35b6b404c912216f6107ba982995559c2d7bf4289a5462",13666801,"2021-11-22 21:09:10+00",7.770616497270653E+16,1.9360456273490895E+18,0,1.0435778500156806E+17,12466944,155294322919,4062.63140639
"0x20bc9b6f8ae97d7795003235281131d4e1bf2420dbb2b40c6d5b94e9324b5937",13666802,"2021-11-22 21:09:18+00",7.733785464102845E+16,1.8386721684224174E+18,0,8.620215342637498E+16,12093980,152032016625,4062.63140639
"0x6181bf4e87c85ac11b3254d1e02fef95b117e097ac5cc2d2da88e92c7812b2d6",13666803,"2021-11-22 21:09:24+00",30063602385085832,6.543277645144411E+17,0,4.9845699764448E+16,4410694,148350296918,4062.63140639
"0x075d4c292586b8cc108e6211c2ba42d6ef420a50f61fa815b7dc6b2819ff53c2",13666804,"2021-11-22 21:09:27+00",4.477719025658629E+16,6.385184350740636E+17,0,9.657509819895005E+16,4720701,135259241175,4062.63140639
"0xa935557df1caff206a72e66411dd018bf5cc1bdc37631501da7ae67fa2a7bb45",13666805,"2021-11-22 21:09:28+00",5.2263477828576986E+17,3.711400022471503E+18,0,4.934545637221225E+17,30009827,123672822988,4062.63140639
"0x00c1345a5947e8a1c882610d729c730c1c92f6c98156c1fe0f7abc6c261a9b20",13666806,"2021-11-22 21:09:51+00",5.028561859382491E+17,3.935241729269592E+18,0,2.512360599918535E+17,28288322,139111882609,4062.63140639
"0x4bd7f9c53e0c6ef6313ee4fcbadd859e350c1d43b3b1abea4a1735a0f5ce2bc4",13666807,"2021-11-22 21:10:23+00",50839168374712264,3.8869525009224054E+18,0,1.589975928764368E+17,25155564,154516611153,4062.63140639
"0xefef8d62be8ff55365286a5e465b7eab40e19f2c5be869d0534c936b90a65e98",13666808,"2021-11-22 21:10:24+00",7584994964776482,3.9929481415248346E+17,0,5.2801874358975E+16,2382072,167624997965,4062.63140639
"0x3618366ed6fb91701cc7572378de411564b9f546b14f053b93dcb10cf1866c55",13666809,"2021-11-22 21:10:30+00",1.1693518689782517E+17,1.6775462289276326E+18,0,1.44899358999108E+17,11183691,149999336438,4062.63140639
"0x7e2e8dd8ccae96de08bdcb54b5dd7bac1b067bd1cee3511db51b1cd63ae15df4",13666810,"2021-11-22 21:10:37+00",1.6284583476066522E+17,3.3403727925289564E+18,0,1.7993869542954928E+17,23000733,145228971291,4062.63140639
"0xd0121a6880bdd930dc7821d248cb53553e25f8bebb94679fad8d9f0cabf349fd",13666811,"2021-11-22 21:10:46+00",4.670962163589952E+16,1.8381990989710833E+18,0,7.482239448161101E+16,11866102,154911789817,4062.63140639
"0xe6490fb841d3882918d7467222683c1dc7249d34903c60297b28251fef22084e",13666812,"2021-11-22 21:10:53+00",1.6062926811792717E+17,2.961076743125281E+18,0,2.344692533207216E+17,19625231,150881115393,4062.63140639
"0x7703101434f2dc797aa7093f6da68716d2d43fe52a210c997c9ce0ae2dd8cd68",13666813,"2021-11-22 21:11:18+00",2.90422755359864E+17,4.478512308757227E+18,0,3.752472384108E+17,28571985,156744878200,4062.63140639
"0x65ef0780bc9af0c0d6edbb2f937386d56b548dc5df0c3c613b64105b94dc1eaa",13666814,"2021-11-22 21:11:50+00",30559106760140368,9.18064212367135E+17,0,5.1305710678236E+16,5260835,174509219994,4062.63140639
"0xee49bed320e48838c287c151d86651aa8390b95ba96fbcbb42435444446c6b26",13666815,"2021-11-22 21:11:55+00",29073648926551556,7.290477860406186E+17,0,4.0410990608436E+16,4546289,160361073843,4062.63140639
"0xd357212dd912febf4f95b597a7a36ee46e0a54c184471c6f3c8b7f039da69c82",13666816,"2021-11-22 21:11:57+00",2.5088537494292522E+17,4.3806512572917263E+18,0,2.7671333259654067E+17,29920607,146409170686,4062.63140639
"0x4bfad4db2dde17d8554ce31973ae04ff537f0c5e838b688dd9b0a88f1353df51",13666817,"2021-11-22 21:12:11+00",1.8492479935182234E+17,4.5561684359134356E+18,0,5.22215773838954E+17,27665978,164684886105,4060.758094437501
"0xe3ec5ff27f66de6a438a589077f7a2bc94f030f10b784852b07496a51e0df23d",13666818,"2021-11-22 21:12:34+00",4.57979151051882E+15,1.77581145526069E+17,0,6.5037828634044E+16,974763,182178791692,4060.758094437501
"0x347d5d42b58c482853935aafe0e998ea8a002f0a5604381d6b5a8cd2b427f238",13666819,"2021-11-22 21:12:36+00",2.85181378751629E+16,3.291293894961203E+17,0,3.7165400903169E+16,2045690,160889181399,4060.758094437501
"0x06b10b88edccd713f7b79ec019ce2be7d443759925757e2676686645e1aa24d9",13666820,"2021-11-22 21:12:39+00",1.1166487679536026E+17,1.6886693517830876E+18,0,1.3563474368755517E+17,11765367,143528829299,4060.758094437501
"0xa5694adb4e2525a99650a4de6039c226992d546b353dcc1a3c46ce11ac9acdde",13666821,"2021-11-22 21:12:46+00",29290551900448944,7.652824717261688E+17,0,5.2807082287176E+16,5477992,139701275892,4060.758094437501
"0xb93e25100972a4484380d1ecbf51cddf23a2e2cb64c36c0e715cf39200cc5b6d",13666822,"2021-11-22 21:12:51+00",6.247990812751245E+17,3.6371621001478973E+18,0,2.8362573154660438E+17,28276498,128628449681,4060.758094437501
"0x9320062d4d10563a898fd2f45d1870396dcef2ce26bc44710e028d5e9b418565",13666823,"2021-11-22 21:13:13+00",7.836884477346776E+16,2.0093687932260739E+18,0,8.105182465041898E+16,14056588,142948544357,4060.758094437501
"0xd054f5115069312fb0f4de7cb79297437b6a3924f8f4bdf1e832144dd8baa314",13666824,"2021-11-22 21:13:19+00",2.7266856992082016E+17,2.7305628375108675E+18,0,2.26456890154992E+17,19244185,141890282052,4060.758094437501
"0x431227b8e84921d68340d666dc92f20b065aa97bc77835f66d35ae769896458f",13666825,"2021-11-22 21:13:33+00",21100976152637884,5.3891315833651757E+17,0,3.086485518144E+16,3666687,146975500864,4060.758094437501
"0x40431c177cc1666dc5a6cef50def06236f6b4556bb47bb8cce83595c824c93ef",13666826,"2021-11-22 21:13:35+00",1.109293426466544E+17,1.692098046408461E+18,0,1.4814397148203802E+17,12712668,133103298726,4060.758094437501
"0xae1a7c2ded05faac288cbc3297509a8faf8519fbd954251ae5a5e6d0d397a071",13666827,"2021-11-22 21:13:45+00",1.6673580738164858E+17,1.564760138341299E+18,0,9.3253840955604E+16,11980619,130607620386,4060.758094437501
"0x1d5751583bc31cc20c3bce6c45ce4bd15e3d957ac94bb66e3628668728570efa",13666828,"2021-11-22 21:13:53+00",1.9480244723614992E+17,1.489708165027183E+18,0,8.616494469408E+16,11618227,128221643890,4060.758094437501
"0xd23532bb769584907a5ac389386bd6b9260471864f9e69e58c522d5daea4c94b",13666829,"2021-11-22 21:13:58+00",4.139410402725352E+16,9.834365494985553E+17,0,4.4498139293517E+16,7889922,124644647881,4060.758094437501
"0x998c0473141add4577a8717324c368019b0e86559c2c3f2dc241173a798cd8c6",13666830,"2021-11-22 21:14:22+00",8.161773706998793E+17,3.5064678768659666E+18,0,3.202057533210896E+17,29895332,117291484733,4059.57149848
"0x52e6e22ff1e9735d47b68572bafa60618c1be518a763052efe8afae107e26ca7",13666831,"2021-11-22 21:14:37+00",1.1056924662624253E+17,3.949166542526501E+18,0,2.60442647659992E+17,29932328,131936498308,4059.57149848
"0xa89ccb0969bbf4bac30c36dd07d47eddd4b4ed1465b37114024bd23261b90344",13666832,"2021-11-22 21:14:47+00",3.304587527587264E+16,2.3376984536547553E+18,0,5.6102262329736E+16,15750702,148418683412,4059.57149848
"0xc09d4e454123d3d2b4a724bd6c666715dab848bed4a78f0563fe6deb0dcf5995",13666833,"2021-11-22 21:14:48+00",1.4289747211033354E+18,4.470093106243174E+18,9.163722473712371E+17,2.4466203643026643E+17,29927048,149366322607,4059.57149848
"0x6eac714088c440b2c8a8549f05a5e5108fa9453ec446ca0b120eebea19b8e7e8",13666834,"2021-11-22 21:15:23+00",56861551692982424,4.0201916593995407E+18,0,2.7521574574548554E+17,23926952,168019380797,4059.42278607
"0x3c977acb69c8f75a6a4fcbfc7674f4132d4b3f05ec52844b803e3ee7df7a2a8a",13666835,"2021-11-22 21:15:29+00",9.73577818982023E+16,6.914661254803843E+17,0,1.40288536126242E+17,3829744,180551526546,4059.42278607
"0x579020b5d20cc1a370b6e71be529435e2a12dd81fd218101c00d9b46c9937817",13666836,"2021-11-22 21:15:34+00",8.054542270067285E+16,9.072132637015482E+17,0,1.44422955599076E+17,5540408,163744847618,4059.42278607
"0x4917fddf3c1473fb5ab0fbfaf924b4c573c7fc5256d092b1bb767787910e89b7",13666837,"2021-11-22 21:15:37+00",2.7558414708094778E+17,4.2268439419495485E+18,0,2.5974105948323354E+17,28022621,150836852197,4059.42278607
"0x0f5dfe7c44639e40b31cb24ae787d595e4f38a83fa46790063ede78236e26282",13666838,"2021-11-22 21:15:56+00",1.3171083737863507E+17,1.5478068361272492E+18,0,1.79114442618888E+17,9254983,167240375928,4059.42278607
"0x34850dfd3c7ac7b74ddee043388d927d123a4b061fe935148272fca104695ca6",13666839,"2021-11-22 21:16:11+00",1.7463877635961584E+17,2.5356600703435955E+18,0,2.039784097658367E+17,15924139,159233731277,4040.2066198595876
"0x95fb4ca5c0c32ad081e54659987e31702416f2ae6eea7cd90c51e4f687d32e2f",13666840,"2021-11-22 21:16:29+00",2.3360390299069728E+17,3.6506827298254495E+18,0,3.706150649008499E+17,22754275,160439422035,4040.2066198595876
