"hash","number","mined_at","tips","base_fee_sum","contract_creation_sum","eth_transfer_sum","base_fee_per_gas","gas_used","eth_price","base_fee_sum_256"
"0x9b83c12c69edb74f6c8dd5d052765c1adf940e320bd1291696e6fa07829eee71",12965000,"2021-08-05 14:33:42+02",813216092377312510,30025257000000000,0.0,630000000000000,1000000000,30025257,2616.756413909,
"0xa32d159805750cbe428b799a49b85dcb2300f61d806786f317260e721727d162",12965001,"2021-08-05 14:33:55+02",926794726479924480,33732322138036368,0.0,992221619004000,1124967822,29985144,2616.756413909,
"0xfcb92039b16c0075d4c6c57cb55ba8c661914325bb7626416f48e9aa735ce2b5",12965002,"2021-08-05 14:34:14+02",712779447436169600,37900704108787400,0.0,2179107346962000,1265451421,29950343,2614.979298474,37900704108787403
"0x6fc26021db56beee14e3d3e303344ecfbc5d84f7147e99be9a7a977c042a48cd",12965003,"2021-08-05 14:34:17+02",965993480159552900,42608506437330328,3308005430775136,986430097422000,1423420054,29933895,2614.979298474,
"0xf615c1d20904f1be47dff7068b625a91f52d02691b38165154dbb7cc9cc5c735",12965004,"2021-08-05 14:34:28+02",1400710115140656640,47870130183908296,378329773916240,941541063456000,1601260312,29895283,2614.979298474,
"0xb0992527aeec5c4e7b9e8fb2d2333d09595ded4957c081ea60533cc0a9f4d410",12965005,"2021-08-05 14:35:00+02",1261016674407907580,53808978566108816,0.0,1134752315760000,1801194152,29874058,2609.412279983,
"0xe108b94f5371cd5b7e1ec9a93aa24840134f927aca757bdcee0b3930b279a3d3",12965006,"2021-08-05 14:35:25+02",1188015935000901120,60588342518792384,0.0,1531816173720000,2026211870,29902274,2609.412279983,
"0xcdaaf867b4b1bcd226658a9663d3498577fc0cc20e448be92ea9dec822e0d288",12965007,"2021-08-05 14:35:50+02",801822117804502910,68079772399306064,0.0,526523879574000,2279324154,29868403,2609.412279983,
"0x24796f6a555ae3bae2f4368261d79046b3150f60e1175a478b3682a4e0b7d2c1",12965008,"2021-08-05 14:35:52+02",677476534417872510,76540712576659568,0.0,2099888072919000,2563965901,29852469,2609.412279983,
"0x6e7bccfafa33c8b6f4dec6230a7e4511273e907686ad2bcf73eb332ac35d616c",12965009,"2021-08-05 14:35:56+02",778923279133867780,85991851463205696,0.0,4724709090192000,2884437784,29812344,2609.412279983,
"0x73fa2ac437da249f4452a6a013b89c516a18affb9a2129f5f83943b360679892",12965010,"2021-08-05 14:36:10+02",889047356092922620,96804203552042704,0.0,2998103108616000,3244700334,29834559,2614.635172169,
"0x1a0ff711876af31cf435c74aea95296e25f11506fa7820741d59484dd0a33dbf",12965011,"2021-08-05 14:36:12+02",1246286607939931140,108841691662152304,0.0,2989163105019000,3649771801,29821506,2614.635172169,
"0x2d7f376efe8b0acd9994a5d18682301fbb8865f7455be03224152a2d80eafd31",12965012,"2021-08-05 14:36:56+02",875362122715948540,122320326015387584,0.0,2241823986402000,4105904737,29791321,2614.635172169,
"0xc7fea89fef8f81b46e4286c1848d2859b5ae817f425604ae0dc24691c80cedc5",12965013,"2021-08-05 14:37:19+02",900442028441537410,137421926072474720,1110903414333525,2909974142250000,4619006575,29751403,2620.87824768,
"0xa84d3da48d62699c973b72d66ade9452fa88f81ff03d6ed8654037890d8b578c",12965014,"2021-08-05 14:37:32+02",628080053751468670,154402555946418880,0.0,6983167478784000,5195809136,29716749,2620.87824768,
"0x9daf6ec0567216ea31f368e22e879af91ae20aa32ec333196c19ff06f7f45099",12965015,"2021-08-05 14:37:37+02",659955209309867900,173570779540705696,0.0,5154757016220000,5844395710,29698670,2620.87824768,
"0xfef6bf88b6bcb26912219ecb8d896e4b3a94e1703cb265c071e21da638a7015e",12965016,"2021-08-05 14:37:41+02",462820069388590590,195028925160736192,31209115241627672,7593527480385000,6574482667,29664528,2620.87824768,
"0x96beec152e1745f608117ec0a9a08c00f6036ea16965910fc42d1ae24aa9711e",12965017,"2021-08-05 14:37:45+02",613881933121864060,219226255253428768,33628962707228772,13356251326194000,7395487999,29643244,2620.87824768,
"0x9903f9ad0f1a496d0dc5be33f1a54c4e94519d69f62cf544b34479de1a773497",12965018,"2021-08-05 14:37:52+02",520065908464360770,246893163019399840,28449229217593924,13976755976400000,8319497605,29676451,2620.87824768,
"0xdb63a4bced7c43b4c00366aa724fb8a5726eb7a4037868dd46ad83c787c83035",12965019,"2021-08-05 14:37:53+02",879405622641751300,277425433727582272,0.0,8844494700195000,9359253651,29641833,2620.87824768,
"0x5697f37ea86a87badb2d9061e9fc4b3c6749f87c553100e1fa9a0555562f4e1b",12965020,"2021-08-05 14:38:12+02",699643336142544000,311734772888790460,28218769479958848,12823727131236000,10528511602,29608627,2618.108418786,
"0x31f0a578f67e504d0ce4c0b91c72016e4129b3388da26a002ed0fdf30f7725d4",12965021,"2021-08-05 14:38:31+02",563872241706539140,351154550734574460,0.0,14425343052036000,11843467202,29649641,2618.108418786,
"0xd896114fc465d6217b94e9198de99502a990b3482756797a90ae3e2ee6dc1168",12965022,"2021-08-05 14:38:34+02",514227056243976510,395313673917850180,0.0,11751646420710000,13323862155,29669601,2618.108418786,
"0xa6bd41b2070b59997cf6d7da2ecdbad66c4c50fda10ce530321c5307b91230b1",12965023,"2021-08-05 14:38:46+02",480145067732107970,445166669743897470,57851196057098352,13534427936967000,14988292289,29700960,2618.108418786,
"0xf9cf7b99a2e32c07d0848732dcffe111d89c9000029376c65ad4e65d5d6b3ef5",12965024,"2021-08-05 14:39:01+02",449620840444998660,501130387679529920,15589529192486634,21952951250622000,16860945661,29721369,2616.678099759,
"0x231df6c47205c4cd2bcd7c0d0fc4ef5a3a167a742e9ac969b8d359fd082de0cb",12965025,"2021-08-05 14:39:11+02",0.0,0.0,0.0,0.0,18966352132,0,2616.678099759,
"0x293296fc83bb65912e3db52aec4c237b20223be576f1b42d8896731cc579709d",12965026,"2021-08-05 14:39:12+02",225433514667568064,492293722726833600,47003267340784480,13940268817440000,16595558116,29664186,2616.678099759,
"0xbf356cc5184bc87b78b337923826871d07dad577d8f04f9e56768df5389cb7c8",12965027,"2021-08-05 14:39:14+02",129295252565415392,553386525526584640,105746354668239200,7448509216302000,18667942898,29643680,2616.678099759,
"0x1ea81e998d77cbfd87202912a3abc8ee4ce86f5abc0f384ab46d359a7d6b4413",12965028,"2021-08-05 14:39:17+02",858670890155122820,622022841155950980,0.0,19404416186232000,21000450418,29619500,2616.678099759,
"0x8040c5f550f0367b4bb3dcc3ca6d23b9831b28606075c6744c9bc4c97a8fa37e",12965029,"2021-08-05 14:40:28+02",407291072379300670,700041215460437250,0.0,10914862421694000,23625243337,29631069,2609.363079983,
"0x6d6c0ce1a972980b57b1a506ad0dd37e743be68373b9c99fbc33688219a431e2",12965030,"2021-08-05 14:40:34+02",0.0,0.0,0.0,0.0,26574645197,0,2609.363079983,
"0x672b619fc16627f1bfdbbddd42af20693e75b02fe7217d9d633e23c09bc8072a",12965031,"2021-08-05 14:40:35+02",151947897709964128,420910124956185540,0.0,9766182110160000,23252814548,18101470,2609.363079983,
"0xc6c41c386129dedb47de8ee328490ed97902c35650f47a9efe2d05f2848909cd",12965032,"2021-08-05 14:40:37+02",52114668940550120,418382577096491900,0.0,8530592063091000,23895215863,17509052,2609.363079983,
"0x2c0d79ffe161a91915fdfb04c66d78a236b859b9c6572dd1c8e7576da6ee7b05",12965033,"2021-08-05 14:40:40+02",452063464151327680,725581869929027460,0.0,24628024611792000,24432564099,29697328,2609.363079983,
"0x139355ee73f79bc0eaf76826fa90d4263999d3a50541ecd6fe3bba7d56f3647e",12965034,"2021-08-05 14:41:16+02",14615364961943408,74831822774688960,0.0,1154348067222000,27484477791,2722694,2605.980696754,
"0x15ad9c00389546fa246c8d7e6db10336740db374d53b56707292b13a3c785656",12965035,"2021-08-05 14:41:18+02",242401717264594432,497920182876150850,0.0,15547162339800000,24678035460,20176654,2605.980696754,
"0x9e39ccc90b8120564967b29cd40080bfb33e82e4ed29eed3aadbfedd3ea8e71a",12965036,"2021-08-05 14:41:32+02",237043956818727584,209244387949088416,0.0,6495363996156000,25775253953,8118034,2605.980696754,
"0x2e4f1a1d8d2da9e003b425fe5e6f7e710d9e0df36706946866812e7f6477eef1",12965037,"2021-08-05 14:41:42+02",120220019861939920,182896203647374688,0.0,4084497301080000,24312483935,7522728,2605.980696754,
"0x278212f51dcf361d74c7bd027cb0a77bc6bc70bcca0588a11c5a2c4a15113cdd",12965038,"2021-08-05 14:41:48+02",450733122427038910,678038260987523840,0.0,18204416121738000,22812551531,29722158,2605.980696754,
"0x76ecb498152135cfd8d01a9c1ff150cf309b2b0320cdda9a8809664995175c79",12965039,"2021-08-05 14:42:22+02",279175651280089952,647544747477059070,0.0,15627742473819000,25661317691,25234275,2605.542165718,
"0xd9eac0f10816c894ba537b3ef83ec32725604ae85b2e3fd127a5e4c490936e81",12965040,"2021-08-05 14:42:53+02",356822344605290750,828113520392398980,0.0,8203466512962000,27902947323,29678353,2605.542165718,
"0xdcc1ab41fc8462349c2dea0c49ac4e7ffe1f2145d58eeef5f10235c097149620",12965041,"2021-08-05 14:43:00+02",85281751884582544,216328640679621824,0.0,5273642394216000,31390728537,6891482,2590.802358993,
"0x118fa8e048f4b5740d9c54b9ead7d4278355dbf102184e81b0d16b0b1ae9d1fb",12965042,"2021-08-05 14:43:05+02",244987448774858944,632978235462617340,0.0,16607952907245000,29290922235,21610048,2590.802358993,
"0xaff7050fc89d4527e3d82650daf67ccae5cdabf9cbcac4934bd25d7c33b257bb",12965043,"2021-08-05 14:43:28+02",81319243350832944,232335807301310016,0.0,7154510055000000,30971905000,7501502,2590.802358993,
"0x82d8ff780e7a3c659226e68d306968f8c8355f8ec7931c6897f1bfa2527189e6",12965044,"2021-08-05 14:43:39+02",18650871562412560,90510116474846752,0.0,3661969759560000,29063252060,3114246,2590.802358993,
"0x5353a915b90348d20b9415782e035a692aadb56767199c7226953c466c8520af",12965045,"2021-08-05 14:43:40+02",274155611870677632,637324023865355140,0.0,7151438858655000,26195746735,24329294,2590.802358993,
"0xb08653f1760404d1b8312899cb414a84ddfb0a77b7c8fdd08f4eaa88a315bd00",12965046,"2021-08-05 14:43:49+02",71244515800205488,240134840719964064,0.0,9510670744848000,28305567693,8483661,2590.802358993,
"0xb56bb62966a84f261c92f937eb2d6e9f238a0e0037bb82e21570f8bcb989a362",12965047,"2021-08-05 14:43:58+02",276931754134911584,686606664878439170,0.0,25886945526330000,26798080255,25621487,2590.802358993,
"0xbf5871dc579930b033ef5672b213be7062fa460f6dec777739fd81b7e9290567",12965048,"2021-08-05 14:44:15+02",284974490616491904,681637084532441600,0.0,27036524979156000,29260308419,23295622,2583.05739,
"0x90de00297793154377b3b6d03ca423cc4138a3a5424d2ef6a8b03d2ef1df2ac8",12965049,"2021-08-05 14:44:46+02",20083222939784976,80722163554136896,0.0,6587083173090000,31367062729,2573469,2583.05739,
"0xac4bf9df8003e1ec42ace3b4bf0f08e73b93e35626c331cea6aad19c4d839a65",12965050,"2021-08-05 14:44:51+02",111523372783686416,508815779235824260,0.0,11814380576880000,28129477564,18088348,2583.05739,
"0xa9f15fc94794526799003f8cb71bf564d9d43e9548a5594ea3f09bf9c17b6a15",12965051,"2021-08-05 14:44:55+02",365389267661324800,609579209707243520,0.0,21860586276228000,28916119413,21080948,2583.05739,
"0xc5334e17ed41c5072e1a3cfae0b08941836c3a3457b7da0765055fbb468c5fcb",12965052,"2021-08-05 14:45:12+02",181678377443651840,494725254418888320,0.0,14712943527366000,30461580802,16240958,2542.414631,
"0x22af339d57082c019b667c8fb030b5e698d067e600b22d901e9f7b1b44f829ec",12965053,"2021-08-05 14:45:22+02",22406455647869580,189006498185575264,0.0,5828298172452000,30837556468,6129101,2542.414631,
"0x6f3115dc48e18bdeff801e87499742799e9b3afc4d295d919f2758e8ae4ba916",12965054,"2021-08-05 14:45:24+02",118173350290518848,196476923765271136,0.0,4201667013894000,28582768802,6873964,2542.414631,
"0xf3ccb76fbcb9a94045323ad34c1874e429c505803531e8c74d2d0cdb7c6c53d0",12965055,"2021-08-05 14:45:30+02",109020154323946192,197224663497345600,0.0,7282190667024000,26674691088,7393700,2542.414631,
"0x5740efa963f7b32c7914d81439e4245975c98fda52a9c1a30853bf7216cba2de",12965056,"2021-08-05 14:45:38+02",394207231427905150,737804852370066940,0.0,19435172640954000,25013092202,29496747,2542.414631,
"0xee05d9234b41a63b90f71b830554210c1508a19f54699b2d515ace8f44de3ee2",12965057,"2021-08-05 14:46:07+02",123222328597301120,446856556249141950,0.0,1772691165819000,28137955013,15880918,2534.526631662,
"0xa909ed22eb2aa4cf6bfd94a6c4fea6e5b9d986097c204e470b5bd266492ab219",12965058,"2021-08-05 14:46:09+02",193958058891810208,771403633597627650,0.0,10739235115602000,28410674909,27151894,2534.526631662,
"0xf91460321acf9f27bce805197ebac381b8b8a5cb34d73e4b2cb38bbfdacd9703",12965059,"2021-08-05 14:46:20+02",64020968667320864,335406735376012740,0.0,1978723528677000,31408309979,10678917,2534.526631662,
"0xfbc0efe97314a62d035b0151d90ea395dcc42c0ad5b644f60e71800c141e4566",12965060,"2021-08-05 14:46:23+02",214100788880041344,406899998353306940,0.0,6369835538850000,30332550185,13414632,2534.526631662,
"0xd448090eb87942b875f685c6d6724fa9052b0130607d29c319c1f87bd174dd07",12965061,"2021-08-05 14:46:34+02",691861552759337730,882005026250424450,0.0,36542665538190000,30002188455,29398023,2534.526631662,
"0x2fa61f2171ac24b970d7ea9f7510d4cdacce08b8cfb43a2b8eed876e1e90f2b8",12965062,"2021-08-05 14:48:46+02",182554390044111168,993571748422404220,0.0,24095487278982000,33747181063,29441622,2549.626653852,
"0x87daef456fbdcfe66fe04786a2e998c485976ebedb1d16370833dcdd17d3e3e5",12965063,"2021-08-05 14:49:08+02",243191644551447744,1116041579763640960,0.0,44645552212968000,37963904943,29397439,2556.721530778,
"0x7a015f325ae23c0e370db015ea9616b5b61b3dfd48cd97cc70126199aa268224",12965064,"2021-08-05 14:50:00+02",328762853165654590,1009127559124421630,0.0,27799347888669000,42702531319,23631563,2563.091064427,
"0x86dc6191cdfd11675aa3544b3c80f5ec5035a10997e98edfa76fecc1e58b20cd",12965065,"2021-08-05 14:50:41+02",134316352496456304,430728724103919230,0.0,10610270899998000,45931908658,9377549,2563.091064427,
"0x2b8e6a4fd9c27ab8fdd2f617af3366b7b17cf6f6fe98e2cb5139bffc99811264",12965066,"2021-08-05 14:51:06+02",8826907716778858,255433320852830112,140058417933434000,7365726784416000,43843611812,5826010,2576.21203,
"0x630c8898741359ff5de2c7679c6dcbf7f63daacef0437ae333f2cdd8d9fa51b6",12965067,"2021-08-05 14:51:07+02",106968283437102368,738854785288167420,0.0,20425852148688000,40527484422,18230956,2576.21203,
"0x2bb13d3ef5d6d634f65159f27fcec67177f53cb179f7adbb956525c43d5f8261",12965068,"2021-08-05 14:51:15+02",92924314737980016,416222979910367620,0.0,9636365203080000,41715866680,9977570,2576.21203,
"0xb78e5a5b876f9605a815d3c5f3770d5130350805eef8a2e5c8d90664f08616b8",12965069,"2021-08-05 14:51:28+02",103371822968190512,621088368942529020,0.0,15130623766356000,40028105202,15516307,2576.21203,
"0xca991c7daef4a72aa6ee3429d4a17e409a052dc9099c9714b74d7155ad37653b",12965070,"2021-08-05 14:51:37+02",70242790087876800,345695076728492030,0.0,3383691036600000,40282036150,8581867,2576.21203,
"0x60afc39a01febadff772326fbabbb67fc4809da3eda6ba05e2ad11bba3ef5957",12965071,"2021-08-05 14:51:46+02",7402737965414717,17380920280220996,0.0,0.0,38175912407,455285,2576.21203,
"0xa6a10c4198cbb2a25ba24b40e60c6a6b1fd05ba7ed75542a529ead22e5c36611",12965072,"2021-08-05 14:51:49+02",207772244660502400,846588884057551740,0.0,33819749392464000,33551338683,25232641,2576.21203,
"0xa69ba05b349e3b48899152450c9b826f6731fc0b0d6915c178c0d92e08c96cb5",12965073,"2021-08-05 14:51:51+02",159146520270692672,382981610857378180,0.0,10744152760908000,36544737282,10479802,2576.21203,
"0xd82e8219dc3d1ea7fd7bd0ecdbdd10e75679765e9bad81dd0febf89bcc153177",12965074,"2021-08-05 14:52:04+02",15080086952790002,33797676996607592,0.0,2959423823076000,35231235989,959310,2575.388116358,
"0x20bcb4dee5aaaa2e31595cb5213684aea01c601189d5938c7d62533522a85608",12965075,"2021-08-05 14:52:05+02",273127804569823904,915262272977891710,48031179110452128,37897858134990000,31114826055,29415632,2575.388116358,
"0xbab4e7dde9a41b3a07e717bd54626428ced700631859d7260904fc8c9d00a479",12965076,"2021-08-05 14:52:13+02",176297808471317728,475274101087721280,0.0,14701432364640000,35003410392,13577937,2575.388116358,
"0x135141daa2981cefb97a8ef2f63b9401349415877b76b695028b4a1145437f40",12965077,"2021-08-05 14:52:27+02",149592204433427680,454772270090671230,0.0,16742201616315000,34662943305,13119840,2575.388116358,
"0x0fd948857a27056ba380f2bf0d57875294a00b3554e30bb20e6681b1a4e8913d",12965078,"2021-08-05 14:52:42+02",90096490761648512,314971187695150720,0.0,10771347226500000,34194753100,9211097,2575.388116358,
"0x19012e2f3ae1cfcc64b8f1ef11823c9e0a78a9245a4290f66ac5fb808dfadaea",12965079,"2021-08-05 14:52:49+02",172335308877036256,958392013970333570,0.0,41753476040031000,32594438751,29403544,2575.388116358,
"0x2d87eb0c7e5382bf75589530e3ce9c3170660ac7408599cf4053005806239fa3",12965080,"2021-08-05 14:52:58+02",77214784796020512,193910994934720800,0.0,6929610415308000,36664605372,5288779,2575.388116358,
"0x720c013da835c6d3bd44c3df71f43733bc739d3e51d788229c215cf2a12daa58",12965081,"2021-08-05 14:53:07+02",284694280123346848,491425900772210500,0.0,12750320818368000,33731007456,14568966,2583.368721778,
"0xe570731858d72cfff2f917df48fad9cc7f402b3f1b4491363c3fd8df7f42e285",12965082,"2021-08-05 14:53:30+02",89184116089590848,733261959183512960,0.0,20522670044310000,33698965590,21759183,2583.368721778,
"0x4302cd88f2bb394e5ec8da47f7e4f7cc8f2c5070139e1d70684b3ee3fbd82dbe",12965083,"2021-08-05 14:53:34+02",63981331165098064,165651378437323136,0.0,6751835036667000,35723994903,4636978,2583.368721778,
"0xa2c2564b813fc63da09d09dd6e6b96e1d4cfe61753792f7d8060f872f8f6ec28",12965084,"2021-08-05 14:53:39+02",72853982687186816,436082874189279100,0.0,12347828641008000,32666213336,13349661,2583.368721778,
"0x3f587dbf6445a7106d9daad3ab7ddaf836e6b5a074660caeda46eacf3e5d6ba3",12965085,"2021-08-05 14:53:43+02",206290491701680160,724059761191135230,0.0,20344227092910000,32292423957,22421970,2583.368721778,
"0xd7d3e4e5755984120f2e8da2f7604e5d5708bb6d63162b87232b178239847ef4",12965086,"2021-08-05 14:53:59+02",190254319274188096,671334447002854400,0.0,25290608229180000,34408990788,19510437,2583.368721778,
"0x8e8f079c04b15ae3cb2e777f7eda944e27a4da0eec358cb61f83d5b00063d9bf",12965087,"2021-08-05 14:54:15+02",9512508127068500,34022810466044296,0.0,3008753940444000,35818499291,949867,2583.38478122,
"0x343f9e0d35ddffdd7ea6c802fe3512e038924c061eb4ee0207fa4442e9593a51",12965088,"2021-08-05 14:54:16+02",53987470876955312,565420249554733380,0.0,8635230523101000,31630881037,17875577,2583.38478122,
"0x0cbfe99a5dc018b428039807e1e00fd5b027efa164e5fb7217e68ef2ef2bc101",12965089,"2021-08-05 14:54:20+02",181608901818646464,236837162825908000,0.0,8871438827979000,32496112923,7288169,2583.38478122,
"0x981f5c7ecedfc1c801b8b8a136dd2d6b00aba5ce2814800ac2678dfe21df189b",12965090,"2021-08-05 14:54:46+02",299189322350334400,893048673787728380,0.0,24942351238623000,30454641317,29323894,2583.38478122,
"0xaa5c6cd0983d78d67906978a7ff29f07621b67419e0102196d71b66c80a6de56",12965091,"2021-08-05 14:55:07+02",135630718773796112,330303639701288640,0.0,12230568785526000,34259296318,9641285,2583.031504966,
"0xca9ecf5438d49e69c161a53bb7a4f3a72820278a980fb6073b311f926b743662",12965092,"2021-08-05 14:55:15+02",222162532227395328,215382213140045024,0.0,11707752671727000,32794825411,6567567,2583.031504966,
"0xdbab862f80ab106dec27be2832cc294323b7bd0334b09a106a81555918ea85b5",12965093,"2021-08-05 14:55:33+02",364838096373778940,892693334668746620,0.0,30779050976352000,30534772794,29235303,2583.031504966,
"0xb23e7283f57c3c20b6b528fffdf23aa9d67b7da4b5d2e09644e929721603ce45",12965094,"2021-08-05 14:55:53+02",26091480359897480,95845555464527904,0.0,2163969051489000,34348715103,2790368,2583.031504966,
"0x04614d28e33ce4d49097f21251fe7637ae69a48691c8936bb0a19fdcfc20bcac",12965095,"2021-08-05 14:55:56+02",171653461339841312,900745961066370560,0.0,17506249365213000,30875219339,29173751,2583.031504966,
"0xcb741e90aaef92fd435785ea21c84c8e505bf5e6ca82ee36169ee8dca8fc3330",12965096,"2021-08-05 14:55:58+02",82478604972445936,118558569928506960,0.0,6564064489038000,34730499942,3413673,2583.031504966,
"0xae8eb8ae40c0bb959ec77d4f99f7f0e64a1b24afa9691673662c5e4dee5a2df0",12965097,"2021-08-05 14:56:02+02",318383035641786110,335767828847506690,0.0,19124806925259000,31403623851,10692009,2584.6458815,
"0xc176145df73095d882b47ab68b1f89f09142e5ae26acf7597f2a49f525d157a6",12965098,"2021-08-05 14:56:46+02",257046852557025952,884684033882035200,0.0,17848121566296000,30353948242,29145600,2584.6458815,
"0xe16ede82a6d070558cdb5ab343a4486c43feda71f4e0792e59c156f9eb334371",12965099,"2021-08-05 14:56:58+02",264790504244248480,968659135202076290,0.0,29398186102530000,34144234730,28369625,2584.6458815,
"0x2ad4006369a6753203011a5ca362ce6200db0737b4ba910d7ef6afa2a7eb2d48",12965100,"2021-08-05 14:57:16+02",653297853083349120,759414210105368190,0.0,28056835363935000,38172565121,19894241,2587.87099669,
"0x40da18c7923310e70079a42c82b415b2307f2ba0b5b59d9492a0a88933874fe3",12965101,"2021-08-05 14:57:43+02",777256583423927300,1162401153181043200,0.0,40230866194848000,39911573606,29124413,2587.87099669,
"0x98a2ea6ac70f8fd8feb5615aef843d3188b8e1734fc2d3366423ef2b7704e073",12965102,"2021-08-05 14:58:50+02",0.0,0.0,0.0,0.0,44897818302,0,2604.582183621,
"0xf0146f19407807d377c09ebfd5494c71aa6165bc7bc7d0844e6130244a7d25f2",12965103,"2021-08-05 14:58:51+02",22183566242253336,152604053300356192,0.0,7424976701835000,39285591015,3884479,2604.582183621,
"0x779b75e73c53c1d22b3f8792992bf75be8f19b7cb477df6538c8f7a03a737fd8",12965104,"2021-08-05 14:58:52+02",334673926698854020,1038231907643463680,0.0,16486225651434000,35684471107,29094782,2604.582183621,
"0xd2f45d00c7ae9d6d10cae096cad4982a4a2deddc58a928021fa646d35182ac83",12965105,"2021-08-05 14:59:01+02",33726236008543508,253682169165322208,0.0,4214937065010000,40142257762,6319579,2611.166708497,
"0x5d02fe111e7666a49a32ecc325729aa397d3eed57069b5896004148ddbc80549",12965106,"2021-08-05 14:59:04+02",318975474123714500,1083271981325656450,0.0,37604164861872000,37305719109,29037692,2611.166708497,
"0x0d592042785b993663b72cf7d68a5a26b830ba79e3049e71e2e2576710d6a15b",12965107,"2021-08-05 14:59:32+02",23594066462401804,116225302770120768,10093102544428696,3525139034340000,41965940885,2769515,2611.166708497,
"0x224be008704b18e9248efd476b86b4890584baa284eca81b256405e7619888b8",12965108,"2021-08-05 14:59:36+02",0.0,0.0,0.0,0.0,37721496602,0,2611.166708497,
"0x33202facfb406c43b651fc493059419fade2221876b3bd0d82584f237fe579b2",12965109,"2021-08-05 14:59:37+02",283855928863752288,957335432426705150,0.0,35349757503417000,33006309527,29004619,2611.166708497,
"0xdae12fd50c606674b75714950367b231fa887c170a4db267097dc0a552cf9122",12965110,"2021-08-05 14:59:50+02",67799550060515416,444514368692686850,0.0,14814118443999000,37128116401,11972446,2611.166708497,
"0x4cc24ed224416d2a1d6ef1ab64758f87b9ceeedf56890e2b0ebe5ed273c1dbf6",12965111,"2021-08-05 14:59:58+02",0.0,0.0,0.0,0.0,36312927336,0,2611.166708497,
"0xb68f1fa91b38dc2797dd65c774d76cd9d76e23e343a2a771c42477216fea5d2b",12965112,"2021-08-05 14:59:59+02",162150552063828128,922799560613013500,0.0,64723253860503000,31773811419,29042772,2611.166708497,
"0xdee0b4362f72738d4c9d2c99fc1fc2f2bfc195971a620c05439a505b02030463",12965113,"2021-08-05 15:00:01+02",1059250456175268860,1038547987926226560,0.0,19516442814414000,35744400759,29054844,2604.544669783,
"0x81451ed4563a6da0b08a468fff366b6753abe5d85bf0a69a04cefdf386e794f0",12965114,"2021-08-05 15:00:19+02",45520396691926024,493996826462925180,0.0,41372143852914000,40206165066,12286594,2604.544669783,
"0x287b4b0a49fe81d5b8b52dc546385da512ff36c9ed441b1c93177662b099f788",12965115,"2021-08-05 15:00:40+02",3073133607687066100,1148243309590585600,0.0,4967400769632000,39423815632,29125626,2604.544669783,
"0xccc9a7c1993eed427d495ad8da5ddbba38039241f14a2669d0c74cd87c10008c",12965116,"2021-08-05 15:00:59+02",504948475342281920,1289851824724107520,0.0,11176099099200000,44349599600,29083731,2604.544669783,
"0xb210b83da780b261b3ed0a4d8d2a210311903d4bf433d01ff4c13081fd0a4f21",12965117,"2021-08-05 15:01:01+02",489897596464428160,805983219828180610,11997861817626450,12571198252200000,49885707350,16156596,2618.540621881,
"0xac07947ac0f699cffae47d1c78f9b1d165dd18ee2b78059caf8a93f80a4220d2",12965118,"2021-08-05 15:01:15+02",179900610159758592,291897856622423620,0.0,1061899092786000,50566623466,5772540,2618.540621881,
"0x242b6620ff607330de38927373192c56c4976facf2c0697d42f6030f99e6498a",12965119,"2021-08-05 15:01:20+02",179776441991841312,1361441784172953860,0.0,4908571905405000,46748303861,29122806,2618.540621881,
"0x83b3354142d9850eed3d7f7e08824a76edc4d3f17e253d780be90945f85318ca",12965120,"2021-08-05 15:01:24+02",5994300221968136,8413259801238864,0.0,1104350783991000,52588132571,159984,2618.540621881,
"0xb17a73878b6f586144a99b0884f5eb887e7e274c8b458044c09b3916aea520a2",12965121,"2021-08-05 15:01:26+02",70348382001918264,104798216191080208,0.0,0.0,46086744906,2273934,2618.540621881,
"0xa03610ce77686012cee5a48b692a23b5966967e29215110803f5407bb1c0e4ac",12965122,"2021-08-05 15:01:28+02",865689737329152130,1199246448385061380,0.0,17314600970520000,41225240406,29090102,2618.540621881,
"0x017c3989215ae93a8c750836abafb8e750dff33a76ee521f741e0431e4a6d445",12965123,"2021-08-05 15:01:54+02",1036153946920576380,1350911106550814460,0.0,46744612964784000,46373623973,29131023,2618.540621881,
"0x4b3720adde519ca1e416256462c3add4f264dcec4c3198b058333687eec2cc08",12965124,"2021-08-05 15:02:39+02",306064420792827710,1083959514629584130,0.0,28484787105138000,52169939753,20777473,2635.35245005,
"0xf70642d1c65e1da89565f70f5acd9aef73e0c990f580ff6b66ec75cacdc9e421",12965125,"2021-08-05 15:02:57+02",230154880328815232,449141553061084860,0.0,9233268068808000,54959928981,8172164,2635.35245005,
"0xf25487cac8b13eeba1733b6ccb4b9865f1338edfff20c13b4074019627754bfe",12965126,"2021-08-05 15:03:10+02",37662693957223728,379972976791086140,0.0,5454152342310000,51944308022,7315007,2630.195838339,
"0xd7c6c1ebc27b747799ab2617aab878506fcc296442929925f6499bb92141880b",12965127,"2021-08-05 15:03:12+02",504425069776839360,1418724259524451840,0.0,46035908750475000,48715247355,29122797,2630.195838339,
"0x5ef1f76f9a7f16c512aa537e45ca34763539d44bf61b22c7206a3472d3cfc505",12965128,"2021-08-05 15:03:35+02",66774427556368064,130141999823886816,0.0,5754087252795000,54800830979,2374818,2630.195838339,
"0x8aeb0831dabf312b38e2d44d8f825542dfcdad1065d08f4e39af50de98d9d103",12965129,"2021-08-05 15:03:46+02",378475888149181180,1427962083985351420,0.0,51522083942700000,49068651374,29101311,2630.195838339,
"0x12749158d40cd616b100e87845259fb9a1f550768f6d51dc92055ba23745b775",12965130,"2021-08-05 15:04:02+02",116107143997352928,385321921201244420,0.0,12748739160234000,55189347014,6981817,2626.442285834,
"0x48e9fc1facbafed9decacbbfc8d1bf7f9e35db87721eada6753b34b80859825a",12965131,"2021-08-05 15:04:17+02",322560729721770110,1306975090977821440,0.0,36842835835596000,51600610414,25328675,2626.442285834,
"0xc2a0d73fb09d692133abf808a2e84fff101ba473e6f37e6e111d3b0c282b8699",12965132,"2021-08-05 15:04:38+02",29991191176907708,149834135902781152,0.0,4734790485264000,56366553396,2658210,2626.442285834,
"0xaad76f9bf4ef431192aedc9c0194f65f33571326ce50e622a482beb8baf765a8",12965133,"2021-08-05 15:04:40+02",87520870842997632,192939974707476224,0.0,8502113271624000,50607817093,3812454,2626.442285834,
"0x6dd3e62ab8efc13a01ea706b6f94e98f24ef8f30a9559c71e9bc383bafb28d03",12965134,"2021-08-05 15:04:48+02",204473146434512544,1333531700787340540,0.0,19295146167780000,45940824209,29027161,2626.442285834,
"0x405636038a28f91cf6e425530de183f52dcc48bfa2731f5e12b96d5ce22509d2",12965135,"2021-08-05 15:04:54+02",177328905412931328,676126872239474940,0.0,34726091534400000,51675731450,13084031,2626.442285834,
"0xd478816efb3509c4b256312dae4d8b10935ab99f3d48e7c31f219189f23b249f",12965136,"2021-08-05 15:05:13+02",39185752199140160,211408631666263744,0.0,10718668212630000,51041277203,4141915,2627.820314519,
"0x122f028e01126b6f7e7bba9c302b12a50c3de2e9c907afafe6459077527f1599",12965137,"2021-08-05 15:05:17+02",94266755002699456,1061399226624660860,0.0,39046761031320000,46484239323,22833529,2627.820314519,
"0xb2a2132b074a5591baa5ada1d9fd059a8ecce10f6ce05699846a7de8d8eebeae",12965138,"2021-08-05 15:05:19+02",508304504830658750,1444433978803650560,0.0,60700041218922000,49835830229,28983845,2627.820314519,
"0xddb0d7e28bb65b3f750bc9c3b2c5a18e609c491c7ab3384a99fba576fc81a044",12965139,"2021-08-05 15:06:28+02",41806439156142992,438404836783655940,0.0,7063901376084000,56062709334,7819901,2617.736607188,
"0xcc46e2986b77fd9d796388bbfff5c0e994f53ce489fa0268cef2aa87f33b0a1a",12965140,"2021-08-05 15:06:31+02",60352388164301432,568319531330113660,0.0,34398342347607000,52839235557,10755635,2617.736607188,
"0x59a6ccc6e0dd2db39033b874d46d2c88d0fffbbf24512d30300e8719c62080ac",12965141,"2021-08-05 15:06:38+02",58542358709951760,788328584572305660,0.0,21476847029400000,51135350070,15416509,2617.736607188,
"0x37d9e4768458bb05e2172fdd5935cc0d097059e9d5172deea5977649d0d4be69",12965142,"2021-08-05 15:06:43+02",103445509839280160,372245267540322110,0.0,14069085204993000,51535110641,7223139,2617.736607188,
"0x1c80043b00895ec49cfc7c4c20a35ebee3a5318a806cf98431c6e543d2be8ba4",12965143,"2021-08-05 15:06:55+02",0.0,0.0,0.0,0.0,48303357614,0,2617.736607188,
"0xd414bf2b19a633aa118c9b9851ae1e2f31e95066a3f8819007d3d09e2192c83f",12965144,"2021-08-05 15:06:56+02",645399422278537980,1224792669654968830,0.0,40828413023958000,42265437913,28978587,2617.736607188,
"0x160f8896848ad24d4aaab0ed7a50d7045dd0c5091e7774e78ceaf3593ceb89d7",12965145,"2021-08-05 15:07:31+02",50365012221416064,500618575969108420,0.0,16973396150781000,47544527033,10529468,2616.379444707,
"0x2acd7c59804043ba6f674facbb61d9a4cd52dec82fa2ade4e4751cc9f03b6606",12965146,"2021-08-05 15:07:34+02",121273079349634144,1324201814466322430,75086610540616816,28931411429550000,45922875285,28835342,2616.379444707,
"0x00322f0302857c1c73e75ab33224c70185ac2907d7afe4a551391d4e3b22ec96",12965147,"2021-08-05 15:07:35+02",13392735958765436,18213931885543252,0.0,0.0,51602072379,352969,2616.379444707,
"0x61526cd963651ec5da8d1eaef21062d9e2e8b268a830f403923d0650ae78b825",12965148,"2021-08-05 15:07:36+02",290210212072158020,767898043655772540,11534412640158776,21884265768414000,45309038858,16948010,2616.379444707,
"0xf53ed2285738420ce9b3a94da0e561d5b43a9ad038f399ced6ce34586c41ace8",12965149,"2021-08-05 15:07:55+02",58114837844594752,308310265935121410,11781720757809516,8747015473917000,46280505153,6661774,2616.379444707,
"0xcee50c3ab5399e97e3cf116ea29a5d3281bb3200b13aec374c26b1dacafeebb4",12965150,"2021-08-05 15:08:00+02",145495475518886656,1246275998498918140,0.0,70699405477428000,43162030206,28874360,2612.509573697,
"0xd7166fc55806460a008086cb514c01a86cc6b2d6eabcbacf7ce6cb0f1ef367a3",12965151,"2021-08-05 15:08:08+02",19423274211348936,111878084637921248,0.0,7137791549259000,48556405097,2304085,2612.509573697,
"0xf820aa9b65543f2bc415907aa864b218c4e82c76bd1c7b0793a562cb573dba3c",12965152,"2021-08-05 15:08:14+02",345752405406532740,1066265857253464960,0.0,39241115837406000,43456385202,24536460,2612.509573697,
"0x7a1262d2145e47e8c03a6be9d9d22329512855b02bdf0e209b5c662419cf8501",12965153,"2021-08-05 15:08:37+02",34225010251414928,97480895620638368,0.0,1984732556898000,47255537069,2062846,2612.509573697,
"0x54772b4e8a2c204ecf2b74975873cdfa10ed79c7a005e9b901cf5a55f8c4cfc0",12965154,"2021-08-05 15:08:41+02",303556151980577410,1006782580143010300,0.0,31012120340880000,42193361008,23861161,2612.509573697,
"0x418a53058e4ebf163bac4617dc1571f018fdf72f80e13b2c52c3300703ad4939",12965155,"2021-08-05 15:09:03+02",181596371834630368,746692399243495170,0.0,23000253036768000,45635422692,16362123,2614.001553972,
"0xfe65c95f1f95262d71d0791a2844d1064cf45cf5ae38a3ec952b220d8a753360",12965156,"2021-08-05 15:09:23+02",65371843802040240,292106027410612540,0.0,11690075000520000,46389186510,6296856,2614.001553972,
"0x20343dc5adfa3eb8aa5e0b7692ba7fa826ceb558e930921cc63983e4e4d54979",12965157,"2021-08-05 15:09:33+02",33710454531991124,148339982166790144,0.0,9959453596092000,43114517732,3440604,2614.001553972,
"0x8925467dfd0a32da4d778d09b2fb575550cc0c9de51653fb158f8fdc91469f4d",12965158,"2021-08-05 15:09:36+02",331697227540196990,1128358010560346880,0.0,22936825380252000,39008206429,28926170,2614.001553972,
"0x32994a50a4743d63a1849c6e6ced77d3cb27396541b2315eb893a3c338823081",12965159,"2021-08-05 15:09:44+02",2816731167936026600,1270275268600117760,0.0,63584889425883000,43881911267,28947583,2614.001553972,
"0x3f163afba710d44d98f77a2f976626eba52e48e837a6ba3e3e7650fef668ae43",12965160,"2021-08-05 15:10:34+02",153458404273562208,438360929982368580,0.0,70488866279328000,49361951176,8880543,2619.966762019,
"0x059f4cb8033f90f38f0dc25471e342106cd7a50d2484a1b2348ae37e5b7fb731",12965161,"2021-08-05 15:10:41+02",114162327420537520,505234855660344320,0.0,64116831627030000,46972037822,10756077,2619.966762019,
"0xfd11649928dce70199642832aaa9e19f7f977fdb3322d8cc4792813fca0c1090",12965162,"2021-08-05 15:10:46+02",330464612032567360,1136319762309005440,0.0,145086996064247392,45453319569,24999709,2619.966762019,
"0x1024f41b4aef2e8596a3798c400731d19303066ff48f0c4392b2d988cae78149",12965163,"2021-08-05 15:11:00+02",134748919131655568,359534304389980860,0.0,99935220159936000,49571041746,7252910,2615.154176151,
"0x0e04dfdd6281f0db65543b10aaae46de2e881d0dbd8f1d3501e42ac8911298c2",12965164,"2021-08-05 15:11:09+02",29059915465898588,125315100280438640,0.0,8784387697176000,46478241784,2696210,2615.154176151,
"0x4ca231a4f1e9d4368cbea81d3eb20e9f25f831eda55df1fa14bf00e67f4c71e4",12965165,"2021-08-05 15:11:11+02",629451247228428030,1209072329614409730,0.0,71015311239768000,41749154168,28960403,2615.154176151,
"0xfd020edce77ef6c6e5fc9b2e9a57cb01b90f3f0d42a3ac65b15c54492aebab5b",12965166,"2021-08-05 15:12:10+02",113439534415420832,1176728769629500930,0.0,12822128002047000,46967501839,25054106,2617.66922251,
"0xe47d98c224580dcba62d6c1381a23c1e4de6293ba36b5ec189ad57865435a32a",12965167,"2021-08-05 15:12:14+02",112857835498131616,156674840424320608,0.0,17224800842928000,51264288223,3056218,2617.66922251,
"0x6acb89675235f2a6320e9123129e5f1382dbc2803d750a39b7af7b0a9b441e83",12965168,"2021-08-05 15:12:21+02",131555292921854608,728334430482186880,0.0,32022633920508000,46208706956,15761844,2617.66922251,
"0x9f61a4c4db15eb232ff7f02b7965cd53ec31958a35157a36182d33bc6f187f5b",12965169,"2021-08-05 15:12:31+02",147927656291926976,757574621714251260,0.0,24524662367625000,46713642605,16217417,2617.66922251,
"0xfb2da4dfa55a707ad87dc0735e51c655d167a6fcb0025df82b5ce1126b61bda7",12965170,"2021-08-05 15:12:49+02",86101820530292112,455356700789528510,0.0,17922495494610000,47414009245,9603843,2617.66922251,
"0xd3a7440e631daaa9dffecd46158bddb2c88b5246bd7ee35890e0ba19a2f2656d",12965171,"2021-08-05 15:13:02+02",33336128122662316,882149377158805500,0.0,46739086073295000,45421852355,19421255,2615.892526166,
"0x67b01f635c2731dc4a94452fe1e6df389e8c1e79b1e14eb6257ed9cc1df4dfd5",12965172,"2021-08-05 15:13:03+02",55494735341921280,199766790673623904,0.0,11938234604940000,47373946845,4216807,2615.892526166,
"0xbce22d07abe0545c19d9ec43fb8108382fb75e6eac9e80e5c875bd60e56659d0",12965173,"2021-08-05 15:13:12+02",294898537931296510,1248128826916547070,0.0,46247602456440000,43181701640,28904114,2615.892526166,
"0xf026c0bdca143183a1157c5977b4ccbf5fe6acf5af3f2a45470def0a689de721",12965174,"2021-08-05 15:13:23+02",1160307915182432000,1257468798038449660,0.0,58149338122071000,48579229843,25884906,2615.892526166,
"0x565346f2a0bd633e3e33520464ecade8d04c6b14ec0444b09c92984cd478d4f5",12965175,"2021-08-05 15:13:55+02",111256515797823264,213580063454292128,0.0,20182735742778000,53393480801,4000115,2615.892526166,
"0x8cd99bbc87a9a07d659374f47ea6f022f9cffef01e430efea1c5f0404efc0729",12965176,"2021-08-05 15:14:08+02",126075820387689376,543876534799979900,0.0,16319584731744000,48570192654,11197743,2606.820865164,
"0x490e30865f73427fdb9c981602e23120a7ad0b2af8b2fa901ca81ec9717e139f",12965177,"2021-08-05 15:14:15+02",124078963075323296,1036980753818046340,16987177574236480,34697575358670000,47207585522,21966401,2606.820865164,
"0xb2d241934ddd2962e69ccfce5beacfa1f91b9dad97f03f28d03e70598b0006d4",12965178,"2021-08-05 15:14:32+02",8924798689737483,67240710771451024,0.0,2111577148002000,50275646381,1337441,2606.820865164,
"0xb2520150052d17e9dee5bda4c1c454b4112106375d58eaf5c5396ba2f0401bfa",12965179,"2021-08-05 15:14:34+02",123694374556157392,882298070040358660,0.0,29952517499520000,44572198660,19794807,2606.820865164,
"0xaddb7e6aa8bb6346cac6b59e231903d75b80411d0c063cd61dcfb9fb70e1b6b2",12965180,"2021-08-05 15:14:42+02",10386528504256230,38716390799886776,0.0,1958536228656000,46631814968,830257,2606.820865164,
"0xb71581bbed05932cf081a5923533c899dd0341c81ada30625991305c8802d71a",12965181,"2021-08-05 15:14:45+02",94482188506510624,728370437215737730,0.0,12958273391490000,41137375846,17705807,2606.820865164,
"0xa6d9be6adb50dc200d89f96bd8cd2530399d9871ac168d303375712d2c8993e9",12965182,"2021-08-05 15:14:51+02",432751683068773950,896923539856658050,0.0,33751414542216000,42295005692,21206370,2606.820865164,
"0x62cb0c5109efa376527722ab34d0299c24671bd262507d27c492c6b9b66c6d60",12965183,"2021-08-05 15:15:08+02",458674172784589440,1295096176060760580,0.0,134408900350725536,44758208575,28935389,2611.754694986,
"0x87dc0fa8bda0c2d025300e4e9d4181ede02886ae6513e2740080e28207f16483",12965184,"2021-08-05 15:15:35+02",340435963787762430,918895147512363780,0.0,31716151685820000,50343097914,18252654,2611.754694986,
"0xff44bb95a296f66d35fc9212e88d402c0dfe9051eaf0e9d262838b116642a3c0",12965185,"2021-08-05 15:16:15+02",118430775777037648,322629281285818300,0.0,72058344839712000,51990147792,6205585,2607.555439257,
"0x78d93be0291678f841a4ad120e9a109ccf930053698435d97e1d1cbc4e92d6f2",12965186,"2021-08-05 15:16:17+02",962650002006294910,1394117636017885950,0.0,187575029825715904,48281860959,28874563,2607.555439257,
"0x3b2a7f27b2eeea5d1ae239a51175f88dda59053cf6d5e1da61361e182ae6797c",12965187,"2021-08-05 15:17:42+02",55698564719396976,853868772944928640,0.0,58172866303167000,54316401777,15720275,2608.301496754,
"0xf44070ca18d6372d712cfc957fab8e4b704ab33aecabd23580a356b984ff6363",12965188,"2021-08-05 15:17:51+02",41864879534730544,227265489610715392,0.0,3460373839062000,54926568874,4137624,2608.301496754,
"0x05f3607905ce470d2bce047bbc785a89a02bab9367b58f8ed4f500c689354330",12965189,"2021-08-05 15:17:53+02",24097736358690760,170196289673441504,0.0,7354164988338000,50028333254,3401998,2608.301496754,
"0xb660f6e7d5364b7f5c4455252fa6fd2124ac407f4ffe1a38bc45b23c9c4cf2a5",12965190,"2021-08-05 15:17:56+02",215229797679850272,1303529395589101570,0.0,30407819985312000,45249732121,28807450,2608.301496754,
"0xebbb4939bb7de31465062e0db43b6095bb985352584532f2b49c3efb8dd9a4b4",12965191,"2021-08-05 15:18:02+02",137377074432702944,570385933566830660,0.0,36343379934330000,50901092345,11205770,2611.240496024,
"0xbf1301953fad52d5f02884eccf63237f57160186490eb3871888f4ffab4c7a02",12965192,"2021-08-05 15:18:14+02",131854207531640496,561427594292750660,0.0,19746970193034000,49491153366,11343999,2611.240496024,
"0x475fde00971217bdeba9db81f9c99511b71efec398dcd86207d00d2f3906181c",12965193,"2021-08-05 15:18:26+02",2331820826215628300,1384032781241485310,0.0,51605531049177000,48184436087,28723648,2611.240496024,
"0x6079d3504950ca281f590850b567ca10db4952fcd554f4ee183adcb2686f373f",12965194,"2021-08-05 15:19:08+02",85218491626232016,580825446032804220,11158079079865262,50083139769432000,54202532218,10715836,2596.565586497,
"0x441c634b19f1670fc30b4e2785ad38dc98430ffa1e8447ff5e7bbbaf992c6771",12965195,"2021-08-05 15:19:29+02",37926401975979568,503190566374560190,0.0,14328504313305000,52485363785,9587255,2596.565586497,
"0x4d67d61a99369f734e767eef518848f6dc91457e1e3dde0374023fc57e47eaf4",12965196,"2021-08-05 15:19:33+02",32363360732767560,165973143473872384,0.0,6339190691106000,50311037231,3298941,2596.565586497,
"0x467d550c49a880eb5f16c8863bad51b7021dc4e549127c9f876cea1922ee5e97",12965197,"2021-08-05 15:19:37+02",316809976053251010,1301260458385072900,0.0,68751199668312000,45470370151,28617767,2596.565586497,
"0x3003348c3e291f5169cda3131604a709c1f9c45495e7a401a68bd1199139e7d8",12965198,"2021-08-05 15:19:54+02",97437662659851040,568144990376570110,0.0,44041811136771000,51151929311,11107010,2596.565586497,
"0xd749cff989e67cd8921740eaaccd9686e110318c4d7c66d9330463c11957d460",12965199,"2021-08-05 15:20:14+02",427453631171968770,1422472501633407740,0.0,119018523294468000,49715339722,28612346,2600.451395995,
"0x98e56fb51466a41788ce9f1d3aa828a9ac5790676bc79a81e80606afdd4b1077",12965200,"2021-08-05 15:20:56+02",41111002340243616,221718288472450592,0.0,30535033335534000,55924969479,3964567,2600.451395995,
"0x5796975687c3ecd15983a7b3118336004cc3298a861e8417ff6ad8ff54f0a402",12965201,"2021-08-05 15:20:57+02",0.0,0.0,0.0,0.0,50872755503,0,2600.451395995,
"0x1cbdb2838bae115def91f20a0aac7b2ed1f48992c683ea2972de11cf5b6f5488",12965202,"2021-08-05 15:20:58+02",283736666453115200,1272546660522051330,0.0,63565508002248000,44513661066,28587778,2600.451395995,
"0x0d60f5914734a135e26b99a899d55ce77a5ca5ab1b007aa2b7da1fa92cceaf7d",12965203,"2021-08-05 15:20:59+02",31364045108628272,192872659521668288,0.0,42062920026960000,50074904794,3851683,2600.451395995,
"0xd0931518cf533dbf7f8659319f0bda6326c90cd9b06dc6d8b4e98e7b97d0bcb8",12965204,"2021-08-05 15:21:01+02",260382704482652960,1295150895938185730,0.0,99372257834304000,45500118056,28464781,2604.929495995,
"0x62a6fd5e0d4c44393015b6109c33e2fc6b9651af2f18031af3942844abe77e80",12965205,"2021-08-05 15:21:09+02",131553699826124592,787187010632754690,0.0,140674275060794496,51135687045,15394083,2604.929495995,
"0x949f0ff61fcc17bd5f9096579fe02d4bedcc57823a587f723266f3793f010cf0",12965206,"2021-08-05 15:21:35+02",136865233288804352,837895697740021500,0.0,99728164208315808,51619132613,16232270,2604.929495995,
"0xa7e33c597c90a70a878bde23962adecedfedb4da53efe1008552a1df2effd071",12965207,"2021-08-05 15:21:49+02",53678787599381904,357021588373952130,0.0,42991109929404000,52492197716,6801422,2604.929495995,
"0x431bd0b24c0de0dd06d714422769a0d0c47faf2207667a198d3e9adb0bfe5eb4",12965208,"2021-08-05 15:21:57+02",43714505190242248,435604207145500290,0.0,28840785298332000,49048954589,8881009,2604.929495995,
"0x6c740869fd9074c15b2dd7f30759da323709ada8af7e9fccaaf862518759f216",12965209,"2021-08-05 15:22:00+02",289857802325760450,1339267108291819260,0.0,83392983101400000,46718758040,28666582,2600.088395995,
"0x071d3cec60621fe98d1174f014510c19c1e35e3f2f96ae2b39f19cb61587c25e",12965210,"2021-08-05 15:22:20+02",198005406791344192,915534847817137660,12639476767857832,64010123211594000,52553467333,17421017,2600.088395995,
"0x8f47738cbbe78a067a694829838c31f5a1adb3b945c8885425a7d061d32a3ff6",12965211,"2021-08-05 15:22:50+02",10650468520904392,48104384637775152,0.0,4533724733580000,53972913495,891269,2600.088395995,
"0x1f48827f10c4d03eaa09661e1d4ad11fa5b54fa9f3790f0a4f1e4b42b4a24115",12965212,"2021-08-05 15:22:58+02",380731951984035710,1356195818874891520,0.0,66037981420026000,47646451241,28463732,2600.088395995,
"0x992606aa6c0467de76825d7fc3495fbe34ca817b8894f207b66da8df9af9792c",12965213,"2021-08-05 15:23:18+02",182989847147485664,820117671721058050,0.0,43855377359157000,53547469303,15315713,2597.227095995,
"0x3a9562ce7e42d4a0bca8909f33896a5e9572f80d683b7dcdb5871872e2419c4a",12965214,"2021-08-05 15:23:42+02",85635744140311648,367433590663262530,0.0,40847506921116000,54031093811,6800410,2597.227095995,
"0xfc180b20796045d90728bfaf4664a09e5c11c6a5b95dce72a162edeaf9acf6cb",12965215,"2021-08-05 15:23:44+02",20384040761083172,286998240494737216,0.0,22268671978707000,50495854827,5683600,2597.227095995,
"0x866e03f1b4aa3200c06a4f794ba09aa68a1f25fe589aaaee85582b6cf6aa1657",12965216,"2021-08-05 15:23:48+02",162952693654815040,1332472099941482750,0.0,20594867563683000,46700379963,28532361,2597.227095995,
"0x55eb5be911e6078cc4de221097b2bcbd14d684a2f03628008612eaee3af0d149",12965217,"2021-08-05 15:23:51+02",37768233597040776,132125740239662608,0.0,7722651439335000,52535043805,2515002,2597.227095995,
"0x4677db891d1d1d6b1c64d130fc560f9801678d9836f9362a6e1c9cf970323896",12965218,"2021-08-05 15:23:58+02",109820433886732832,687992300962104830,0.0,36617439581436000,47126691868,14598782,2597.227095995,
"0xc83d4e060bbb6732e8b075f325be8e7b1bd9797f0fb8697ca42e19e28621360a",12965219,"2021-08-05 15:24:06+02",72050593351649208,453195498229048960,0.0,36732153750327000,47274329151,9586503,2598.456006536,
"0x306102d24d5398195c225df1c4a2edda084fb86dbadb8ecedfd86c2494e7a321",12965220,"2021-08-05 15:24:08+02",255713396380389760,1293178459418236160,248922110156717632,53318466081552000,45338831702,28522536,2598.456006536,
"0xc59db509e85139b3f30d877c27ff24345ca58883b1f519b710f109c2d19cdcee",12965221,"2021-08-05 15:24:18+02",10079951605723212,82258479283403120,0.0,18206823436011000,50999505423,1612927,2598.456006536,
"0x5a1a79f8f73a2880fd2fa12dc924bb2a6c4eb4ff71f078b1a77209a4b9b24008",12965222,"2021-08-05 15:24:20+02",178661506670855840,1175800363956191740,0.0,56183498381724000,45345842116,25929618,2598.456006536,
"0x0581fda2d91217c3ffe593ccd70fa67920a66959a27c89be0df069910743c66e",12965223,"2021-08-05 15:24:33+02",17060443115958644,78630200329750128,0.0,4198104655332000,49977436373,1573314,2598.456006536,
"0xcd11e4bf325bf6c8ada529c6946cfa703efd3b57efb84b05211146855de4dd55",12965224,"2021-08-05 15:24:35+02",227798432732046272,1213165262938840580,0.0,46639291617450000,44418372969,27312240,2598.456006536,
"0xd17d5f2161c4cf0e52e112994fc4605c983203152584901c07c925db5b7643fe",12965225,"2021-08-05 15:24:50+02",27032432512910288,176727597725339360,0.0,9350300083446000,49472487214,3572240,2598.456006536,
"0x931a21c773669b2f7106b861b9c6750cf6dd0b6a3165aaecf3735bb56daf8331",12965226,"2021-08-05 15:24:54+02",627656510745358850,1279158411111516420,0.0,84738193857449888,44835023205,28530339,2598.456006536,
"0xb8aa9cad4558d2b2ccce32c703f890922f7c5e2f4146c5b6c59719401bb07572",12965227,"2021-08-05 15:25:28+02",40073892671068584,543056201626919810,0.0,38129533680672000,50435891112,10767257,2599.993100416,
"0xa50bc1d60925a9f81664d45d80680c1d0829d4c806035c539a23e7cef9d5b260",12965228,"2021-08-05 15:25:30+02",49576788301018800,593540827601711230,0.0,7185927297402000,48883859166,12141857,2599.993100416,
"0x3771e95b2937d7ec3bbf083c4b3e7634ae7cb5c6660f4430bc4b5657f84ea8fc",12965229,"2021-08-05 15:25:36+02",125850391318822560,218880262083985472,0.0,9066843159759000,47972715131,4562599,2599.993100416,
"0xbe36c37ac72a85109f74a97f6a1dda4a20a9300960379837239adc54af655935",12965230,"2021-08-05 15:25:47+02",250493746240915936,1175560013449707780,0.0,39637511607876000,43895361692,26780962,2599.993100416,
"0x8f11868c3a5e06707e9cf5e29f9b31732a73c986bdfd9280d82bdc606cf237cd",12965231,"2021-08-05 15:25:49+02",86666253624243776,180319507462593536,0.0,10228301903400000,48706199540,3702188,2599.993100416,
"0xf0c4d54815a2359c98437de0531a4c0be9e91401ab0de747ba9d17400ba7ffef",12965232,"2021-08-05 15:26:07+02",381845509231332860,1260863854884372220,0.0,51049896834090000,44199044878,28526948,2602.708785242,
"0xde6e23d9ff1ead81c16038662402e79c95b19f2ee17d1b8ab7b09b130d746a91",12965233,"2021-08-05 15:26:20+02",6387626108483564,46330622826848600,0.0,4176411464400000,49719184100,931846,2602.708785242,
"0xf1ac571b38fa50558c65d3807b17fa089a4c2fb42bff72a023c85fee72fe20fa",12965234,"2021-08-05 15:26:22+02",506689349399022720,1250204817501583100,0.0,55327272356160000,43910533616,28471638,2602.708785242,
"0x10197ca91faa7ded7d67f8db12752f9da820bf5fea4a63f9c5554797403d0152",12965235,"2021-08-05 15:26:51+02",9016958948597872,100735526599083888,0.0,23857681071924000,49394784828,2039396,2602.708785242,
"0xeeb374e553da0c7e1b29daf91815122389405290125f8dcd7787a2e5fd7af3a8",12965236,"2021-08-05 15:26:53+02",132993918275168880,951190558756860800,0.0,40751847942036000,44103731539,21567122,2602.708785242,
"0x32855d754866764655165ff57dc220b149736c68663bff47a07be5a7adf1346e",12965237,"2021-08-05 15:26:58+02",119653807076988224,683989922288878850,0.0,23657451667920000,46939388230,14571769,2602.708785242,
"0x20e0b46327c14ad33d6a152e279504bbdcd1547322c1e783e7f05104ce08bd13",12965238,"2021-08-05 15:27:08+02",72843209566078352,510369941272489220,0.0,33615997681644000,47081229246,10840200,2604.370366667,
"0x48c79f3faaf28cd64136086c371c293eb4ba13e75ca89ec83a193b0476f61a60",12965239,"2021-08-05 15:27:14+02",435366887795853820,1297091372382958590,0.0,77709107814534000,45684366734,28392456,2604.370366667,
"0x922cab3d459fdef4655bc6d3c8cfa6740ac7f5231eb03188666ac3faf9fe3e1b",12965240,"2021-08-05 15:27:51+02",73454249738566336,395001030049792060,0.0,33456088461705000,51391840955,7686065,2604.370366667,
"0x2144bde220c33df8df91d6ab64297c7c87a8fe9b0d80d5eb91833ae5038d002e",12965241,"2021-08-05 15:28:01+02",245296390331073216,1375199416073981440,0.0,37644383259231000,48448369703,28384844,2610.777225932,
"0xa511e8b14cda240a10d556032aea1eb320a1f9d70e0c6ec90928a215e56d8502",12965242,"2021-08-05 15:28:24+02",38122596543916016,145915573379330496,0.0,11444563865070000,54497923167,2677452,2610.777225932,
"0xe5b658289c72ec8a6056425e4c794bc61932c9042315071c783c733d41c39f79",12965243,"2021-08-05 15:28:30+02",99119403728060432,1114374903212963330,0.0,19538589003255000,48968894745,22756791,2610.777225932,
"0xbb0af085083c8f730cda6059a3ba0446ea48610d31bcedc6c692b63bf927019d",12965244,"2021-08-05 15:28:35+02",61335034971340792,261691464490857280,0.0,22116111073560000,52657407318,4969699,2610.777225932,
"0x424d732029e8b0f53a02d4583c49f872aa5cebcacad312d958ad5c6f1d5255b2",12965245,"2021-08-05 15:28:41+02",547264591984791420,1373638978565719810,0.0,53843158923078000,48376602806,28394697,2610.777225932,
"0x936b882bdd3e26935661cba318f7a32f1f4f40e4b6a0a160c15e55d817c6b8e9",12965246,"2021-08-05 15:29:45+02",20446440641805952,546144357818595330,0.0,52571085838026000,54421413911,10035468,2607.208301172,
"0xad259184b90cb95da43841d5ce28ff0c1bd02040f89d4834c7b3be3ade589330",12965247,"2021-08-05 15:29:52+02",1112696592751816580,1489029353415129090,0.0,292879806410270140,52431043038,28399766,2607.208301172,
"0xb39d1f8970d807dd4dd00ab3b5b0a0752f6ab5de595d68d3a277118fa769ca39",12965248,"2021-08-05 15:30:32+02",979943971625141890,1328248118869552380,0.0,161028563726940224,58984821878,22518473,2608.791730983,
"0x4092a0d217c7b993b80261fad027cc87aea3355a12f4724d0678c0ac24635247",12965249,"2021-08-05 15:31:07+02",59954980052411416,148977648320982208,0.0,6648125229480000,63315478376,2352942,2612.359965864,
"0x482a3c1cc52025fdd14e4aa20e5eebbee648149989b46d2db98aff4ce29c6c2c",12965250,"2021-08-05 15:31:17+02",115307161650490768,1020489283520862340,0.0,115528520487512704,56715032149,17993277,2612.359965864,
"0xb7e1f8cb40a92464899f810d3e853b60657a7c5bff8766ac8766c90df9091c7d",12965251,"2021-08-05 15:31:27+02",381111045717094210,1658028249305812480,0.0,167462148490224256,58635206054,28277009,2612.359965864,
"0x2d9d4b42bc3956d98525dd64f699e964180cc65f98c09b8534e8f94578505598",12965252,"2021-08-05 15:31:49+02",103058227470114432,283173149176365312,0.0,8310743460432000,65958281432,4293216,2612.359965864,
"0x5399cd7e0dc3d8bd95147d9bf14cb35d72788e6414fb3d352d8b82a37b7939be",12965253,"2021-08-05 15:31:57+02",432595660175575870,1703470020124480000,0.0,48054303519474000,60218425463,28288186,2612.359965864,
"0x4059c6aa1daaea8ddb9b62d44cebd71f646439008962eebf77e8a02a54d52e12",12965254,"2021-08-05 15:32:36+02",276827086490777152,1319141402118745860,0.0,470896845919900860,67745194349,19472103,2618.613705171,
"0x5ecc00a0db6cb91bd2937c9276713171acb1947c40e48a53500cf79d0aae2fb2",12965255,"2021-08-05 15:32:56+02",1591386560818398,11299857672692976,0.0,0.0,70923318203,159325,2618.613705171,
"0xc965c89e0a9a58b5cb87d54ce1ff1f9eb400127b4e474ebe9711a190c2d150c1",12965256,"2021-08-05 15:32:57+02",165095105719590080,1675149216626331390,0.0,53517666817734000,62157568894,26950044,2618.613705171,
"0xc989cc270728331de9e69e1194ce0907f784b0a1155bce0153df1ff8cee38f92",12965257,"2021-08-05 15:33:10+02",50457472558311328,107524739737201008,0.0,1452721986597000,69177237457,1554337,2615.314380656,
"0x17301743945eba7090ae5b1144a7ac615c2f940c491a8085a565a4871b56cb45",12965258,"2021-08-05 15:33:13+02",170146043474819360,1087835543337811200,0.0,15493038812496000,61480312748,17694047,2615.314380656,
"0xd147fd7fa0a5163eb95ea5aacef4022b48d5a9c275901b644dce5e9ef9c7041a",12965259,"2021-08-05 15:33:22+02",242512890480270208,1015668101936742660,0.0,41273035725138000,63399440438,16020143,2615.314380656,
